source_id,ra,dec,parallax,parallax_over_error,pm,pmra,pmdec,phot_g_mean_mag,phot_bp_mean_mag,phot_rp_mean_mag,bp_rp,astrometric_excess_noise,ruwe,simbad_name,otype,nbref,W1,W2,J,H,K,W1_W2,dist_pc,M_G,M_J
2202703050401536000,327.9163604193208,59.2929297833234,118.15513655131949,7614.7266,88.84971,-86.74227008780505,-19.236664849105665,14.373105,14.813503,13.762923,1.05058,0.0,1.0251036,Gaia DR3 2202702874294360576,EB*,1,7.111,5.97,15.64900016784668,15.326000213623047,14.166000366210938,1.1410003,8.463449234521093,14.735368032186594,16.011263200033273
2340736324254735488,1.176391320557835,-20.97458771835872,66.48052358071891,486.67642,763.13354,758.3599683562992,85.2229368170899,16.850798,20.419176,15.292363,5.126813,0.8837038,1.3434169,TYC 5844-880-1,*,4,17.224,17.428,12.404000282287598,11.833999633789062,11.395999908447266,-0.20399857,15.041999462982965,15.964270155814813,11.51747243810241
2206265777300448768,336.44879839129527,64.36474554657796,60.62060640203084,692.7032,458.18732,-337.3750415604417,310.0220929408796,17.327248,20.708227,15.761462,4.946765,0.6253815,1.0036474,Gaia DR3 2206265777304448768,*,1,11.29,11.269,15.76099967956543,14.947999954223633,14.656000137329102,0.020999908,16.496040857263665,16.240349382010425,14.674101061575856
1668664785283445760,219.5410177378253,64.14250035646982,58.87781478128748,588.2114,676.58374,644.153770234613,-206.95770826566107,17.616884,20.542412,16.082228,4.460184,0.7270663,1.0669694,SDSS J143816.98+640831.9,G,2,16.116,15.83,12.984999656677246,12.16100025177002,11.649999618530273,0.2859993,16.984325992985383,16.466642415101717,11.834758071778966
2177877452238559104,321.85799800123465,55.88868198542661,57.54697790620107,959.95496,406.07385,308.5240002674112,264.02446585749703,16.289536,19.62896,14.763616,4.865344,0.45893863,0.95260954,Gaia DR3 2177854048947833088,EB*,1,15.793,16.279,15.668000221252441,14.876999855041504,14.623000144958496,-0.4859991,17.377107128543813,15.089648607411794,14.468112828664237
1876972009105701504,338.56255379484213,23.99859840763792,54.06394308629674,361.8051,853.1086,851.1467633174713,-57.82260252864317,17.821522,20.971678,16.268291,4.7033863,0.696636,1.1029657,LEDA 1697774,G,1,18.077,17.163,13.145000457763672,12.354000091552734,11.836999893188477,0.91399956,18.496616097790024,16.486060586222592,11.809539043986263
419121948343397888,4.943235713507629,52.22031059256852,50.30688654250263,430.51117,417.1665,310.27210190811525,-278.8531989449751,17.327671,20.39414,15.772535,4.621605,0.8294438,1.2576816,NVSS J001949+521402,Rad,1,13.776,13.857,14.276000022888184,13.8149995803833,13.767000198364258,-0.08100033,19.87799422162874,15.835808199901258,12.784137222789443
1104317391237838464,96.1779501115428,66.43966318244354,47.585836917872,312.8795,628.75964,354.20955504316566,-519.4942519753768,18.40809,21.107288,16.840971,4.2663174,0.72669524,0.9338016,WISE J062441.53+662629.2,MIR,1,18.528,18.139,13.411999702453613,12.767999649047852,12.267999649047852,0.38899994,21.014656140773393,16.795478559433917,11.799388261887529
518201101498814208,27.976995496246733,64.38577616425702,46.66789208180738,447.5629,143.54042,-141.33653705497406,25.05668126617028,17.62071,20.54699,16.049568,4.4974213,0.6736014,1.0908377,2MASS J01515483+6423084,LM*,4,16.321,17.479,13.178000450134277,12.519000053405762,12.07699966430664,-1.158001,21.428008752720835,15.965800924512134,11.523091374646413
2188860027203347968,314.9391995264964,55.29353080273955,43.95969839109637,862.3086,498.55466,271.6482781239225,418.04780697613296,17.061504,17.64795,16.336828,1.311121,0.0,1.0010628,ZTF J205951.55+551745.8,RS*,2,14.183,14.31,15.663000106811523,15.449000358581543,15.491999626159668,-0.12700081,22.748108758692958,15.276777520266375,13.878273627077899
814482174787733248,142.10429750705612,42.51339775733023,42.81448332915021,330.34622,542.14,-386.2755936845263,-380.403713809026,17.529444,20.607573,15.975728,4.6318445,0.7491269,0.992327,LEDA 3742663,G,1,16.608,16.21,13.081999778747559,12.38599967956543,11.942999839782715,0.39800072,23.356582218035335,15.687397537345127,11.239953316092684
2407323744864329344,352.44978338085747,-16.134613519089537,42.24992415711259,243.20935,540.20325,43.17421840566651,-538.4751639614418,17.961159,20.89089,16.393665,4.497225,0.8556295,1.2155745,MASTER OT J232947.88-160804.6,ev,1,12.13,11.834,13.371000289916992,12.71399974822998,12.315999984741211,0.29600048,23.668681540855605,16.090288668419436,11.50012995833643
261069144711056384,73.7983834350297,52.87121113777408,41.97443938741423,328.26556,810.31134,-114.54899629663612,-802.1738970843375,16.63703,19.861248,15.122515,4.7387333,0.81621575,1.0786346,ZTF J045509.32+525301.9,EB*,3,16.378,16.834,16.211999893188477,15.708000183105469,15.729000091552734,-0.45599937,23.82402277658159,14.75195452195652,14.326924415144997
2693095097621419648,320.5511061176594,4.230598362107293,41.29650575679993,757.4256,420.22156,-75.8447733692829,-413.3203551143927,16.537857,17.001345,15.8923,1.109045,0.0,1.0208254,SDSS J212213.66+041307.5,G,2,13.128,13.194,13.5600004196167,13.246999740600586,13.189000129699707,-0.065999985,24.21512381432753,14.617423530105222,11.639566949721923
2146576589564898688,284.4157312016983,53.50901710202562,40.39310935403938,799.06866,246.40071,240.7492368572938,-52.4701406612122,16.942257,17.473812,16.261986,1.2118263,0.16334714,1.0818938,UCAC4 718-062613,*,2,18.347,17.849,15.677000045776367,15.428999900817871,15.54800033569336,0.4979992,24.756697763352506,14.973793426449857,13.708536472226223
1086480151540969856,113.75340038557871,61.63135535260427,37.92393158813425,128.08855,162.28403,42.628889862384064,-156.58507078155614,19.060116,21.336153,17.512701,3.823452,0.8568897,0.971921,2MASS J07350070+6137555,LM*,4,18.272,18.437,14.220000267028809,13.47700023651123,13.008999824523926,-0.16500092,26.368574093538417,16.954682772354655,12.114567039383463
1994675416061276288,358.5379136253943,55.31394231885776,37.500084713012846,295.85574,1324.701,1093.6724192580486,-747.4714216115256,17.727308,20.925146,16.17433,4.7508163,0.89011216,1.1562197,Gaia DR3 1994675416053787136,*,1,17.312,17.055,15.84000015258789,15.189000129699707,15.277999877929688,0.25699997,26.666606426438058,15.597469244018924,13.710161396606814
454010341345229824,40.257765892365086,54.743366589911645,37.35091568737371,221.20612,68.42379,1.7387848027145871,-68.40169033456095,17.767511,20.85141,16.217718,4.633692,0.9719276,1.3124633,2MASS J02410186+5444373,LM*,4,15.026,15.315,16.260000228881836,15.741000175476074,14.586000442504883,-0.28899956,26.773105333480355,15.629017266781023,14.12150649566286
405102625325363840,15.519092125855726,52.90287568559022,37.23078501942698,396.46823,127.02296,-109.41404066592212,-64.52440192365843,17.099552,19.578485,15.493908,4.0845776,0.4829286,1.072279,PM J01020+5254B,Em*,4,18.358,17.204,15.682999610900879,15.47599983215332,14.857999801635742,1.1539993,26.859492741778105,14.95406296755597,13.53751057845685
930068265936597632,125.45628620401956,45.53161239678007,36.61748656982759,243.67233,584.78253,-358.1701368199713,-462.2604545109948,17.837559,21.241705,16.285383,4.9563217,0.69570225,0.84890115,NSC J082147+453150,ClG,1,16.446,16.569,13.46399974822998,12.732999801635742,12.378000259399414,-0.1230011,27.309356640113826,15.656001654727842,11.282442402957823
2487828199544312064,34.74281929376669,-6.297639915612684,36.29665662623085,251.61005,363.16714,350.8436518873832,-93.803520559009,17.054775,20.364033,15.542788,4.821245,0.80342764,0.8519072,2XLSSd J021857.9-061752,G,1,17.032,17.056,12.850000381469727,12.223999977111816,11.836999893188477,-0.024000168,27.55074689929762,14.854108114760333,10.64933349623006
1722694722247854592,243.5486922061812,82.19514369927991,36.00787255670546,285.16937,752.52625,-474.279574609113,584.255630278066,18.157394,21.141191,16.60017,4.5410213,0.94187343,1.0421177,2MASS J16141557+8211327,PM*,3,18.801,18.219,16.371000289916992,15.73900032043457,15.039999961853027,0.58200073,27.771704602241993,15.93938131413535,14.152987604052342
209212907873065344,80.94734353302468,46.38886753731273,33.48586896901864,172.51996,252.40785,-144.7540338184124,-206.77521650019384,18.220242,20.868996,16.668365,4.20063,0.83655417,1.0123421,2MASS J05234758+4623232,LM*,3,15.468,15.266,14.086999893188477,13.57800006866455,13.470999717712402,0.20200062,29.863343278479856,15.844549867496278,11.711307760684756
971347127898766848,95.97111562217144,51.6169933301249,33.124455516802165,190.4112,369.1847,362.6518360240906,-69.14457707897222,17.716906,20.602142,16.175644,4.4264984,0.9648101,0.98053503,Gaia DR3 971347123605410944,WD?,3,18.318,17.322,13.413999557495117,12.765000343322754,12.3100004196167,0.9960003,30.18917547166191,15.317649741442548,11.014743298937663
2225342166607084288,342.2476817352963,68.05474767062131,32.86100873542369,476.45093,622.6959,462.2759369497804,417.1944487038825,16.969065,20.185862,15.481942,4.7039194,0.42513767,0.97626674,NVSS J224904+680335,Rad,2,14.859,14.81,13.043999671936035,12.515999794006348,12.178000450134277,0.048999786,30.431202159719902,14.552469454275515,10.62740412621155
209364885290255616,82.14971134632371,47.20054116964679,32.61708436580704,239.9978,122.796776,-110.9179580945712,-52.69018302635405,17.273355,20.479736,15.766994,4.712742,0.7355089,1.0339133,NVSS J052835+471129,Rad,1,17.981,18.428,15.630000114440918,15.182999610900879,14.961999893188477,-0.4469986,30.658779576518942,14.840580684742283,13.197225799183203
1631578537252535040,253.49992630712623,62.89925239327107,32.485170632628424,341.79633,566.1328,-545.7895558100139,150.39988079404935,18.059563,18.27118,17.823683,0.4474964,0.0,0.9696087,SDSSCGB 68703.4,G,1,15.147,14.87,,,,0.27700043,30.783276816024795,15.617988761481133,
1129107908110522752,172.10620639828363,78.51572809690651,31.60784514518728,299.76044,287.3398,-12.33440367462152,-287.0749619783864,17.488462,20.661566,15.973971,4.6875944,0.66211545,1.0409192,TYC 4552-352-1,*,0,17.055,16.598,13.383000373840332,12.77299976348877,12.366000175476074,0.45700073,31.63771511175805,14.987436444801489,10.881974818641822
420531621029108608,3.357850446110235,54.63534622090124,30.976599032214992,269.0856,981.67145,776.838048750967,600.1679011525896,17.99675,18.63682,17.18859,1.4482307,0.28234968,1.0474571,TYC 3657-1338-1,*,0,16.179,16.247,16.538000106811523,15.800000190734863,15.656000137329102,-0.067998886,32.28243355443965,15.451918670953667,13.993168777765192
982778986516797312,116.04276618044534,51.50702119118117,30.94110159657944,191.83499,65.941505,-16.514460575148117,-63.84007181544284,17.813177,20.888855,16.273165,4.61569,0.809242,1.0649258,2MASS J07441029+5130264,LM*,3,17.864,17.184,16.104999542236328,15.055000305175781,15.145999908447266,0.6800003,32.31946984429768,15.265855859163072,13.5576784013994
2271357312343219456,310.1206777013713,69.99259323842053,30.40164257428496,316.0805,2304.3652,1558.221480040751,1697.6586954672823,17.529474,20.945486,16.022087,4.923399,0.78418547,1.0619081,PSST 15ber,ev,2,18.094,17.862,15.480999946594238,14.906000137329102,14.859000205993652,0.23200035,32.892959568107145,14.94395924397742,12.895485190571657
487032317657766144,56.6849834616929,62.6016676272826,30.287963808753688,186.78426,60.92812,1.962485575447016,60.89650442765553,18.354282,21.49447,16.794369,4.700102,0.8128522,1.0524124,2MASS J03464439+6236051,LM*,3,14.299,14.226,15.307000160217285,14.640000343322754,14.371999740600586,0.072999954,33.01641557399724,15.760632388396424,12.713350548613708
4962392573709868928,26.433777007279804,-37.500493941312,29.60465102921358,117.96405,436.25443,415.04386224033055,-134.37456771515815,18.53208,19.69281,15.088871,4.603939,0.86630195,0.9565289,SIPS J0145-3729B,PM*,0,18.599,17.279,12.442000389099121,11.86299991607666,11.427000045776367,1.3200016,33.77847619325794,15.888879730572594,9.798800119671714
1998109946788787456,359.3280395605171,57.46621918400399,29.536060467430005,196.77357,58.423008,-19.86082229164456,-54.94356740242253,17.948822,21.262629,16.414692,4.8479366,0.9339634,1.0617595,2MASS J23571877+5727593,LM*,3,15.695,16.265,16.503000259399414,15.616000175476074,16.547000885009766,-0.5699997,33.8569187689306,15.300584842260696,13.85476310166011
2198074999791010304,330.0312001727312,55.600951691064346,29.521635792582227,257.27756,97.23355,78.85339990802572,56.89028125155348,17.962532,21.122873,16.418898,4.7039757,0.6842788,0.9226737,2MASS J22000733+5536024,LM*,4,14.738,14.911,15.96399974822998,15.144000053405762,14.934000015258789,-0.17300034,33.87346172230963,15.313234090282387,13.314701838512368
231618966280159360,60.27779420879287,43.464272793211485,29.4306813223376,272.26978,78.93941,-68.94106652574604,-38.45204722688765,17.190792,19.915678,15.70215,4.2135277,0.3922677,0.9792446,2MASS J04010677+4327519,LM*,3,6.5,6.402,13.104999542236328,12.54800033569336,12.206000328063965,0.09800005,33.978146446817384,14.534793580818576,10.449001123054906
826275295988399232,144.87954814477422,49.86335298266656,29.280170479054306,366.6037,389.65768,-389.42857726598737,-13.359961414110312,17.236141,17.524088,16.765781,0.7583065,0.1530621,1.0632014,SDSS J093929.50+495200.5,G,1,18.442,17.842,16.246000289916992,15.48900032043457,14.866999626159668,0.6000004,34.152806614133425,14.569009005015278,13.57886829493227
2225409442971141120,344.014124330821,68.90212850815583,29.201968037449053,286.593,101.10436,95.6899217618803,32.64247019318353,17.967964,20.442364,16.375303,4.0670605,0.59260494,0.9824852,2MASS J22560310+6854072,LM*,3,16.965,17.209,14.269000053405762,13.697999954223633,13.640999794006348,-0.24399948,34.24426732874937,15.295024606386365,11.596060659792128
1686322048672412288,196.26097712671188,70.37922224317417,28.87973189858507,143.72954,286.08203,-252.4601354796105,134.56155102009842,19.330952,19.853327,18.71848,1.1348476,0.51306117,1.0630579,LEDA 2735820,G,2,17.961,17.18,,,,0.78100014,34.62636022770675,16.633917785986355,
435616199005050240,49.96511584235552,48.80578500696441,28.426888988961643,145.88867,230.87178,-207.6222621827104,-100.96917212635094,18.35845,21.259777,16.804716,4.455061,0.97975105,1.16902,LEDA 2797963,G,2,16.155,16.367,14.034000396728516,13.366999626159668,12.930000305175781,-0.2119999,35.177961274211434,15.627096667629901,11.302647064358416
2310240437249834496,2.760388074149243,-33.580039213295684,28.337118088890907,197.82922,97.74302,6.87217417914508,-97.50113086434156,17.440365,20.556194,15.940978,4.6152163,0.67627263,0.96112955,UCAC4 283-000224,PM*,2,8.927,8.796,13.343999862670898,12.661999702453613,12.321000099182129,0.13100052,35.289403702348736,14.70214340003459,10.605778262705488
406123143916057216,26.154308060282503,51.36491422428165,28.23366246910765,209.9523,168.39705,128.24357092406777,109.13823184062156,17.42096,20.023468,15.94022,4.083248,0.51965916,1.0609962,2MASS J01443682+5121518,LM*,4,17.367,18.392,16.32200050354004,15.701000213623047,15.725000381469727,-1.0249996,35.41871342742612,14.674796092284987,13.575836595825026
503816916707209984,80.0395842400158,76.44868940971936,28.143343331263697,331.00516,168.09741,-8.36918482699862,167.88894203001698,17.281275,20.335684,15.798707,4.536977,0.49159318,1.0243547,LSPM J0520+7626,LM*,4,16.547,16.481,13.34000015258789,12.78600025177002,12.402999877929688,0.065999985,35.532381076029665,14.528153444184092,10.586878596771982
522185284946865792,30.581571440171107,70.89828223632908,27.730036200423147,347.93082,69.98755,-69.97746961058328,-1.1876630136542852,17.39348,20.436281,15.909869,4.526412,0.45220062,1.0300295,2MASS J02021981+7053537,LM*,3,14.815,15.092,15.638999938964844,14.99899959564209,15.045999526977539,-0.27700043,36.06197960840529,14.608232182659188,12.853752121624032
2385628829965900928,349.2193695566137,-21.699573312640226,27.60730510172325,101.12844,205.45047,-18.126720078995227,-204.6492488513545,18.925358,21.398615,17.376312,4.0223026,0.6825627,0.96210384,2MASS J23165266-2141548,PM*,2,16.803,16.965,14.35200023651123,13.605999946594238,13.204000473022461,-0.16200066,36.22229682742847,16.13047807438202,11.557120310893248
2208530698238308736,345.23440338625664,64.13724682874657,27.39665982988829,315.09662,142.81253,-82.3999609646788,-116.64333400707116,17.936281,18.547552,17.247671,1.299881,0.0,0.98327947,ZTF J230057.76+640842.3,LP*,2,16.253,16.983,16.2810001373291,15.404000282287598,15.081000328063965,-0.72999954,36.500799959163395,15.124769086752787,13.469488224081887
1737141510468332800,316.185237459268,7.3737200361788675,27.01825339719718,206.81093,91.048645,-90.16221205805208,12.674065072756786,17.366749,20.38706,15.882228,4.5048323,0.69614226,1.0466832,2MASS J21044455+0722251,LM*,4,15.221,15.316,15.638999938964844,15.284000396728516,15.329999923706055,-0.09500027,37.01201499959794,14.525035352505403,12.797286291470249
1055924070568324608,165.3702570487241,65.14468382992598,26.82225382851117,192.64691,296.65625,-282.6694466050155,-90.01621946292155,18.139923,20.816774,16.609715,4.20706,0.90770173,0.9890578,DESI J165.3818+65.1308,AG?,1,17.58,16.276,13.770999908447266,13.10099983215332,12.753999710083008,1.3040009,37.28247470900574,15.282399340389214,10.91347624883648
354582780449594240,37.28886732268632,49.114512887783775,26.746153069183208,170.8735,279.96664,-160.6931630848209,-229.25754939480368,17.75991,20.899736,16.248486,4.651251,0.86310256,0.89998215,Gaia DR3 354582780449592960,*,1,18.35,18.184,17.090999603271484,16.07699966430664,15.697999954223633,0.16600037,37.38855443671992,14.896216628801252,14.227306232072735
2205493129867600256,336.4571586662378,63.963577943683845,26.32583675563172,387.98352,1730.3617,1089.6697403576773,1344.161989111892,17.478283,17.940075,16.880949,1.0591259,0.0,1.0169871,Gaia DR3 2205493129864955008,*,1,16.646,17.467,15.996000289916992,15.267000198364258,14.588000297546387,-0.82099915,37.98549726196553,14.58019391972034,13.097911209637331
2686976036241883520,325.0155316823326,-0.8332721982334194,26.32330738011512,190.4137,33.820774,26.30922123669567,21.25252024635965,17.819538,20.732813,16.306942,4.425871,0.5128742,0.9781551,2MASS J21400369-0050001,LM*,3,16.529,16.378,13.744999885559082,13.42300033569336,13.329999923706055,0.15099907,37.989147243534056,14.92124027552519,10.84670216108427
2143230844400445696,289.62638225983795,58.05503876201708,26.310104346747696,114.06195,190.04735,60.24122483308758,180.24702685916924,17.977713,,,,0.95247257,0.9604107,LSPM J1918+5803B,PM*,1,8.033,7.99,8.979000091552734,8.331999778747559,8.107000350952148,0.04300022,38.008211097179256,15.078325852577294,6.079612944130026
1792460830974869376,326.2710176145377,19.89359009874023,26.251928706180195,32.684105,232.17732,-17.059907897829202,-231.54970619367143,19.823622,19.714514,17.107166,2.6073475,0.0,0.91214263,G 126-32C,PM*,1,15.66,15.54,8.640000343322754,8.045000076293945,7.8379998207092285,0.119999886,38.092439271503174,16.919428080744293,5.735806424067047
2086976908949413632,298.6459339792648,49.388480883657,26.131490695649656,188.23462,109.08299,5.768654640386686,-108.93035223405748,18.430902,21.075388,16.83312,4.2422676,0.059932467,0.91744417,2MASS J19543501+4923203,LM*,3,11.921,11.98,15.71500015258789,15.015000343322754,14.949000358581543,-0.059000015,38.26800436480568,15.516722925871356,12.800821078459247
441131353629184384,44.39849074381396,52.88692930533223,26.022484149835243,195.67546,55.95319,-55.132189362286354,-9.54993007149872,17.551092,20.20576,16.058945,4.1468143,0.5356804,1.037721,2MASS J02573574+5253131,LM*,2,19.328,17.179,13.09000015258789,12.9350004196167,12.887999534606934,2.1489983,38.428306622922136,14.627835763408678,10.166743915996568
1692591738851696384,181.84024073282004,75.36168424859096,26.00564670103132,257.35425,89.70612,74.32886047321864,50.22359292600584,17.697664,20.514841,16.20396,4.3108807,0.7034789,1.028378,2MASS J12072133+7521412,LM*,3,17.885,16.925,13.616000175476074,12.97700023651123,12.612000465393066,0.960001,38.45318716724481,14.773002290784433,10.691338466260508
1437716460972795392,259.4999734293351,61.2022461706045,25.948292989818984,160.27852,169.8945,120.8571727458276,-119.40554568343155,18.463219,21.179241,16.913233,4.2660084,0.9245616,0.9537449,2MASS J17175971+6112099,LM*,4,17.83,18.363,14.70199966430664,14.128000259399414,13.895000457763672,-0.53300095,38.538180542063316,15.533762965163934,11.772543629470576
2307221350118692992,359.2125480881644,-38.46195112009317,25.743994927463863,147.84988,97.725914,96.32622055578322,-16.480695037322764,17.962818,21.100891,16.443525,4.657366,0.8881596,1.0581392,2MASS J23565088-3827426,LM*,4,17.845,17.751,13.753999710083008,13.184000015258789,12.71399974822998,0.09399986,38.84401013974694,15.016197705913001,10.80737941599601
1087773413437321216,117.6913832004643,61.52209931364379,25.73556099403136,211.99901,78.69417,77.82019670806079,-11.695681474475307,17.783333,20.857313,16.280785,4.5765285,0.6725479,0.9745981,2MASS J07504576+6131197,LM*,3,17.289,16.738,16.479000091552734,15.892999649047852,15.645000457763672,0.5509987,38.85673991065988,14.836001198069223,13.531668289621958
2006217676803960960,334.50334166619103,56.03850779217613,25.40561524830133,270.50842,256.96582,111.2559324063768,231.6323585926756,18.033844,18.639793,17.284712,1.3550816,0.25224856,1.0469985,IRAS 22161+5546,*,2,14.486,14.315,15.875,15.319999694824219,14.982000350952148,0.17100048,39.36137701159833,15.058492583459845,12.899648583459847
1065017822005186432,146.02141627329294,65.63186666761437,25.211043079498225,241.94804,180.56017,-137.14873002966004,-117.44018465183498,17.50529,20.366245,16.025684,4.340561,0.6848001,1.066697,2MASS J09440552+6537567,LM*,3,14.774,14.669,13.515000343322754,12.892999649047852,12.503000259399414,0.105000496,39.665157718650924,14.513244072550984,10.52295441587374
1103299758870807936,104.04012509545193,68.6836258155403,25.20008442287462,209.59222,66.797905,0.5969519391360212,-66.79523600350673,17.53717,20.075718,16.025414,4.0503044,0.704326,0.9787233,1RXS J065612.9+684122,X,0,17.502,16.707,14.706000328063965,14.154999732971191,14.201000213623047,0.7950001,39.68240674195044,14.54417997857581,11.713010306639775
2202050043570150528,336.73879870990174,61.66630878997305,25.11860937705373,221.64801,138.2883,-114.56518011611958,77.44982147391005,17.786072,20.80984,16.275543,4.534296,0.87085426,1.1369652,NVSS J222649+613957,Rad,4,16.311,16.304,16.773000717163086,15.859999656677246,15.550000190734863,0.0069999695,39.811121109017954,14.786049961036502,13.772978678199587
991250418666810752,101.67765172309822,50.154141827813866,24.872977042708364,189.78787,66.11754,-44.99192396722095,48.44848010341617,17.759943,20.505621,16.26375,4.241871,0.6340246,1.0665909,2MASS J06464270+5009142,LM*,2,16.129,15.921,13.699999809265137,13.111000061035156,12.682999610900879,0.20800018,40.20427463439303,14.73858184509581,10.678638654360947
2612345589287743488,332.8356775042406,-12.949065878824763,24.7152493594484,92.306526,226.27515,147.71407818349732,-171.40883999973386,18.586723,20.785782,17.030704,3.7550774,0.87928194,1.1016214,Gaia DR3 2612345589287743488,PM*,1,16.624,16.762,14.253999710083008,13.631999969482422,13.289999961853027,-0.13799858,40.46085011955219,15.551547982720805,11.218824692803814
1773169036176253824,327.80447105201165,17.393574954664874,24.48285530539949,137.58046,82.75158,59.09602490974499,-57.92653464120139,18.184076,21.787598,16.656233,5.131365,0.67061096,1.0369422,2MASS J21511299+1723379,LM*,3,17.379,18.229,13.866000175476074,13.229999542236328,12.8149995803833,-0.8500004,40.844909122158576,15.128386329431855,10.810310504907928
2088442248714858368,303.2445639087201,51.83341859310422,24.38882686491323,174.72772,153.46635,-32.45027608786242,-149.9963335621282,18.223515,21.017078,16.563251,4.453827,0.8952566,0.9472911,LSPM J2012+5150B,PM*,2,16.86,17.793,16.684999465942383,16.124000549316406,15.01099967956543,-0.93299866,41.00238217848195,15.15946955336283,13.620954019305215
269226279739467904,83.84757704523047,57.26471319244842,24.37023592763365,204.79991,280.72665,175.36988932716872,-219.20960842994413,17.91409,18.427082,17.260555,1.1665268,0.0,0.9943778,Gaia DR3 269226043515194880,*,1,16.684,16.433,16.08300018310547,15.833000183105469,15.902000427246094,0.25099945,41.0336610186892,14.8483886679945,13.017298851099968
2523162448812944640,9.80297989056386,-8.076895510403347,24.329718159252536,129.49147,273.30182,-107.24178307962016,-251.3823605579266,18.150032,21.073109,16.628729,4.44438,0.71869016,1.040137,SIPS J0039-0804,LM*,4,16.974,16.956,13.935999870300293,13.211999893188477,12.857000350952148,0.018001556,41.101996885225006,15.080717389991051,10.866685260291344
1868919323385801856,318.09386136286395,38.07550160769944,24.281084413413765,113.91522,137.49911,93.40846184566172,100.90027782920458,19.111635,21.626291,17.56462,4.061672,0.94762194,1.0484107,2MASS J21122239+3804300,LM*,3,16.779,15.707,16.426000595092773,15.887999534606934,16.027999877929688,1.0719995,41.18432204154618,16.037975393944627,13.352340989037401
346573353637110784,29.501147681167023,43.28447233704699,24.17374154237805,155.90623,89.50836,-44.38795548710437,77.7268019297154,17.628286,20.679262,16.15922,4.5200424,0.44293338,0.96528095,Gaia DR3 346573353637110784,PM*,1,9.959,10.021,10.512999534606934,10.071999549865723,9.968999862670898,-0.062000275,41.367199953178066,14.545005372321869,7.429718906928803
2286943198903839872,340.8095173624382,81.41369488435414,24.09991948587885,267.59543,141.79979,91.25539039481062,-108.53403007754136,17.636538,20.660686,16.159319,4.5013676,0.5108571,1.0416746,LSPM J2243+8124,LM*,3,17.418,16.779,13.73900032043457,13.147000312805176,12.753000259399414,0.63899994,41.49391455792796,14.54661595833141,10.649078278765979
2397269462648462336,342.2461926779396,-21.90114743259772,23.616362078194072,91.540855,98.42033,98.25752971694811,5.658508839754943,18.57486,21.356237,17.02191,4.3343277,0.91143334,1.0744882,Gaia DR3 2397269462648462336,PM*,1,17.392,17.313,14.781999588012695,14.166000366210938,14.152000427246094,0.07900047,42.3435242349769,15.440924993261373,11.648064581274067
373038151839778688,17.335482351096474,41.764518339184185,23.607048566559207,121.91345,125.369194,125.26157427100144,-5.1935074521873705,17.688627,21.042202,16.176989,4.8652134,0.86582303,0.8908293,Gaia DR3 373038151839778688,PM*,2,17.224,17.37,13.744999885559082,13.173999786376953,12.809000015258789,-0.14599991,42.36022970768822,14.553835467502772,10.610208353061854
1095345479434185984,119.20575805974968,66.83225418999076,23.49525243858702,191.71776,266.91907,161.93030391025002,-212.18945951987132,17.763632,20.78011,16.26376,4.51635,0.677084,0.87718344,SDSS J075654.96+664944.7,*,1,17.914,17.862,13.817999839782715,13.309000015258789,12.991000175476074,0.052000046,42.56178998773673,14.618532577736843,10.672900417519557
1878322823569343360,334.3207904700401,23.15529324958023,23.49381534267503,160.7718,231.62071,225.3060684911925,-53.71529116744278,17.972473,21.014044,16.461933,4.5521107,0.61865795,0.8943506,TYC 2205-606-1,*,0,8.297,8.388,13.866999626159668,13.204000473022461,12.979999542236328,-0.0909996,42.56439345479843,14.827240754751793,10.72176738091146
2132339902553150976,284.3756876323149,50.25054339442394,23.38592784254276,222.15402,79.54428,56.58539118475184,55.90515332417137,17.995789,21.103369,16.484388,4.6189804,0.71776915,1.0154195,2MASS J18573008+5015011,PM*,3,18.305,17.927,13.82800006866455,13.093000411987305,12.74899959564209,0.37800026,42.76075795379987,14.840562026643305,10.672773095307857
408470017124652416,27.68071179568668,54.335455123860974,23.305460611308284,104.27713,150.17728,48.85783343471661,-142.0074890484455,18.704615,21.352804,17.149185,4.203619,0.9490963,1.0471888,2MASS J01504329+5420100,LM*,2,17.611,18.319,14.416000366210938,13.878999710083008,13.524999618530273,-0.7080002,42.90839888033707,15.541903453951404,11.253288820162341
1623213895168955520,242.3339958107939,58.80549081788032,23.19783421325548,170.46121,45.350742,-23.535101550439244,-38.76582120256228,18.395008,20.992067,16.868406,4.123661,0.859831,1.1379411,2MASS J16092020+5848204,LM*,1,16.088,16.175,13.944000244140625,13.22700023651123,12.8149995803833,-0.08699989,43.10747248243501,15.222245201795403,10.771237445936027
1741216167416222208,325.1571640898369,8.699868809287931,23.13289203992625,88.064705,72.535,38.27783576726654,61.612776686072415,18.754148,21.528397,17.204742,4.323654,0.7213205,1.0135875,Gaia DR3 1741216167416222208,*,1,17.653,17.014,13.406999588012695,12.807000160217285,12.743000030517578,0.63899994,43.22849033635952,15.575297655091035,10.22814924310373
2170551161436279680,313.68631005024844,52.89555904599199,23.13095519987452,53.332066,57.89434,37.57383560327064,44.04499516868208,20.175905,21.704182,18.64384,3.060341,0.92304534,1.0292873,2MASS J20544464+5253434,LM*,2,16.669,16.294,15.229999542236328,14.397000312805176,13.897000312805176,0.375,43.23211001703141,16.996872837322417,12.050967379558744
535610429293034880,21.115824349453565,74.15260655799922,22.96634542440272,170.31895,134.26678,-132.1064549847203,23.98862976464116,18.122873,20.391953,16.594028,3.797924,0.82216686,1.0173153,2MASS J01242833+7409088,LM*,2,13.475,13.551,14.272000312805176,13.666000366210938,13.472999572753906,-0.07599926,43.54197333187619,14.928332462633943,11.07745977543912
1962820777496526848,330.1718567291999,45.074092251026464,22.95425557341256,190.09425,250.24255,244.42879105279903,53.62745439389497,18.174208,21.294846,16.658665,4.636181,0.5123706,1.0571777,2MASS J22004089+4504258,LM*,4,16.07,16.385,15.423999786376953,15.968000411987305,15.17199993133545,-0.31500053,43.5649065944129,14.978524063902377,12.22831585027933
2015092071375214080,347.01073047225475,61.58798633937422,22.882857287092182,181.76387,89.58695,89.04680208280467,9.82289993174782,18.142935,20.483448,16.578001,3.905447,0.7583405,1.1130297,2MASS J23080236+6135165,LM*,3,13.619,13.533,16.479999542236328,15.815999984741211,15.293000221252441,0.08600044,43.700836283416514,14.940486260251102,13.27755080248743
2763066570207951360,354.4753776609698,10.338843686429582,22.77012812046758,129.18658,157.10097,156.04224556416784,-18.20801392361465,17.994093,21.04244,16.496588,4.5458527,0.63560677,0.8326526,2MASS J23375392+1020199,LM*,3,17.526,17.747,13.835000038146973,13.194000244140625,12.803000450134277,-0.22100067,43.91718811195979,14.780920371313647,10.62182740946062
2837551473603142144,348.14061475910813,20.20165324889814,22.64564366729316,142.28738,267.7031,265.0996995567981,37.24369206523392,17.79195,20.455229,16.312317,4.142912,0.63078195,0.94782954,2MASS J23123340+2012052,LM*,2,16.301,15.586,13.748000144958496,13.16100025177002,12.807999610900879,0.71500015,44.15860351297006,14.566873346706892,10.522923491665388
1015697235076365952,135.0209498430879,49.489858087539616,22.629743348642144,172.0328,126.69527,4.042584411612417,-126.630751767983,17.803501,20.045315,16.323265,3.7220497,0.44894794,1.0466801,TYC 3427-1206-1,*,0,16.078,16.031,15.4350004196167,14.64900016784668,14.310999870300293,0.046998978,44.18963063759197,14.576899142530923,12.208398562147622
1548117392728910848,183.09430408012344,49.876233504862256,22.54974000558088,182.3793,85.09703,85.01053968420217,3.835696221840928,17.872131,20.392159,16.365116,4.0270424,0.65288806,1.077306,2MASS J12122248+4952344,LM*,2,17.645,17.572,15.517000198364258,14.78499984741211,14.734999656677246,0.072999954,44.34640930460875,14.637838694530542,12.2827078928948
2389273680946460544,357.16562367380345,-21.104426855845155,22.53225630332799,49.98036,299.59268,292.8700032642856,-63.11046385344133,19.649363,21.165737,18.070087,3.0956497,0.5285681,0.9668657,2MASS J23483939-2106148,PM*,2,17.715,17.567,14.98900032043457,14.300999641418457,13.789999961853027,0.14800072,44.38081950329586,16.41338641335091,11.75302373378548
1910773333005191680,347.540275871459,32.50267844566166,22.339313336563954,107.61803,423.9197,416.4666370275759,79.14196688060358,18.295275,21.07891,16.791805,4.2871056,0.74584717,0.996901,2MASS J23100915+3230083,PM*,4,16.59,17.864,16.711999893188477,16.211000442504883,15.87399959564209,-1.2740002,44.764133298727955,15.040624098435913,13.45734899162439
206154723654527104,73.44529212805233,44.48238324982153,22.24167274065216,82.286674,425.58557,422.85728849131743,-48.1122870570384,18.960823,,,,0.0,0.9681779,LSPM J0453+4428,**,1,15.028,15.299,14.355999946594238,13.96399974822998,13.781000137329102,-0.2709999,44.960647144684074,15.696660231707588,11.091837178301825
1916411143300424832,348.4759786686664,36.84808387273519,22.132752364454056,143.26295,243.57281,233.49552066667,69.336569182014,18.102371,20.67579,16.59546,4.08033,0.67672664,0.8668528,2MASS J23135392+3650520,LM*,4,15.481,15.582,16.427000045776367,15.765000343322754,15.758999824523926,-0.10099983,45.18190885314533,14.827548124396166,13.152177170172532
413169364185135104,21.1301584218768,58.45766389478648,22.09960610365189,106.57931,125.580086,-23.772661583224483,123.3094450924266,18.716467,21.354898,17.166412,4.188486,0.978215,1.0920111,2MASS J01243128+5827256,LM*,2,15.066,15.124,15.979000091552734,15.62600040435791,15.29699993133545,-0.05799961,45.24967527972153,15.438389665137107,12.70092275668984
1979316917945665792,325.1295185501009,50.80313174834515,22.0594504398029,196.36392,172.84775,-59.35812065579208,-162.33594647967968,17.944391,21.059992,16.460945,4.5990467,0.67595196,1.0296415,2MASS J21403116+5048140,LM*,2,14.174,14.339,12.777999877929688,12.065999984741211,11.767999649047852,-0.16499996,45.33204499943721,14.662364443980964,9.495973321910652
288508002838148992,23.16538929602942,21.19152107766461,22.03339904375612,118.11763,256.41003,183.2503710918311,-179.34714795883446,18.330637,20.929077,16.807735,4.1213417,0.5211252,0.84638226,2MASS J01323946+2111326,LM*,4,16.581,16.377,14.967000007629395,14.286999702453613,13.975000381469727,0.20399857,45.38564376808591,15.046044499843081,11.682407507472476
2227748722677605376,357.65811998422606,72.06255655777619,22.031121247506785,199.69846,169.54887,165.20868909008408,38.1170614030846,17.946712,20.692204,16.445553,4.2466507,0.71833545,1.0563495,2MASS J23503738+7203446,LM*,3,16.723,17.76,15.366000175476074,14.788999557495117,14.64799976348877,-1.0370007,45.390336186959516,14.661895003051486,12.081183178527558
1085224509260180736,119.0783499212562,62.57884386001602,21.825058475662665,144.9379,388.2942,-169.09726460082038,-349.5404135259522,18.313822,21.21555,16.789873,4.4256763,0.8384608,1.0096468,2MASS J07561916+6234493,LM*,4,18.325,18.353,14.164999961853027,13.553000450134277,13.086999893188477,-0.027999878,45.81889212874778,15.008599079900314,10.859777041753343
206154723654526464,73.4456676613385,44.4827778926758,21.82077394912207,107.6554,428.8662,425.7398013667787,-51.68979910375955,18.700298,18.982203,17.836412,1.1457901,0.0,1.0078568,LSPM J0453+4428,**,1,15.028,15.299,14.355999946594238,13.96399974822998,13.781000137329102,-0.2709999,45.827888705122376,15.394648751397284,11.050350697991522
1656542910105662464,255.37216343830733,75.40436847355372,21.812779167456128,107.52947,106.420166,100.60751369904288,34.689768577630744,19.340616,21.218128,17.817497,3.400631,0.95567876,1.1207134,2MASS J17012884+7524150,LM*,2,17.82,17.138,14.720000267028809,14.12399959564209,13.571000099182129,0.6819992,45.844685462729274,16.034171012945475,11.413555279974283
2931001337671076352,107.67151822469836,-19.98681886537566,21.76398893199596,208.96185,103.26268,55.78061254300465,86.9005421188111,17.829153,18.203995,17.271368,0.9326267,0.0,0.9928235,Gaia DR3 2931001341974199808,PM*,2,14.44,14.721,15.555000305175781,14.89799976348877,15.083000183105469,-0.28100014,45.947459499479294,14.51784548187456,12.243692787050339
