source_id,ra,dec,parallax,parallax_over_error,pm,pmra,pmdec,phot_g_mean_mag,phot_bp_mean_mag,phot_rp_mean_mag,bp_rp,astrometric_excess_noise,ruwe,simbad_name,otype,nbref,W1,W2,WISEA,J,H,K,2MASS,G_W2,W1_W2,J_K,G_J
266846631637525120,75.85667289714588,53.12186356696981,72.23599415423742,834.48627,2030.0312,1286.5118404503908,-1570.3230179702246,15.707108,18.064842,14.125392,3.9394503,0.5706241,1.2557602,BD+52   911B,PM*,5,11.777999877929688,11.553000450134277,WISEA,17.027999877929688,16.31599998474121,15.973999977111816,05032488+5307081,4.1541075498657225,0.22499942779541016,1.053999900817871,-1.3208918779296877
266846631637524864,75.85923651184258,53.12163420733134,72.17340591451902,4179.373,2014.91,1302.1185621203924,-1537.6442792268324,9.218808,10.183291,8.241274,1.9420176,0.104529366,1.0607893,BD+52   911B,PM*,5,11.777999877929688,11.553000450134277,WISEA,17.027999877929688,16.31599998474121,15.973999977111816,05032488+5307081,-2.334192450134278,0.22499942779541016,1.053999900817871,-7.809191877929688
200296663143599104,73.15109158635963,40.70183928537737,74.06984596438883,1517.4485,1606.9323,1175.720000968031,-1095.405742486073,12.043524,13.698364,10.790067,2.9082975,0.36597905,1.0590621,ATO J073.1527+40.6712,V*,1,15.75100040435791,15.656999588012695,WISEA,14.98900032043457,14.708000183105469,14.79699993133545,04523385+4042003,-3.6134755880126956,0.09400081634521484,0.1920003890991211,-2.9454763204345706
1288369418615181952,224.38086920971912,31.390721094462616,23.80726511793143,322.9157,1354.4636,-687.6189565991531,-1166.9412297263775,11.30368,11.361829,9.616941,1.7448874,0.5140342,3.0840142,Ross   53A,PM*,4,8.800000190734863,8.413000106811523,WISEA,8.444000244140625,7.817999839782715,7.6570000648498535,14573227+3123446,2.8906798931884765,0.38700008392333984,0.7870001792907715,2.859679755859375
3910661735547769344,172.11439226399256,7.511853778041851,35.332183561988415,2513.1736,1250.4182,-272.2635073655329,-1220.4173041878023,9.676806,10.391775,8.8558445,1.5359306,0.06647832,0.9875593,G  10-25A,PM*,9,,,,7.817999839782715,7.228000164031982,7.060999870300293,11282773+0731020,,,0.7569999694824219,1.8588061602172843
4143754008847248128,269.8837550451606,-17.931486950254186,25.415351816007675,883.979,1141.1608,-415.6988674108914,-1062.752193858979,13.985264,15.21566,12.884793,2.3308668,0.0,1.0255221,PM J17595-1755,PM*,3,10.774999618530273,11.022000312805176,WISEA,12.869000434875488,11.67199993133545,11.21399974822998,17593128-1756174,2.963263687194825,-0.24700069427490234,1.6550006866455078,1.1162635651245125
5142197118950177280,27.037652026891283,-17.208918406145102,13.035935503778749,134.00906,1111.3102,-106.51074959431236,-1106.1942847460768,17.536055,17.719677,17.238007,0.48167038,0.22498882,1.0770707,G 272-98,PM*,4,16.513999938964844,16.016000747680664,WISEA,15.206000328063965,14.637999534606934,14.312000274658203,01480841-1712462,1.520054252319337,0.4979991912841797,0.8940000534057617,2.330054671936036
6821550875241089152,335.3015867365798,-19.97335828730783,19.05615461270313,152.87283,1080.3412,905.9282324328572,-588.5839294847331,17.651583,20.288462,16.224318,4.064144,0.55948824,1.0024136,LEHPM 4592,PM*,7,17.735000610351562,16.844999313354492,WISEA,14.192999839782715,13.741999626159668,13.484000205993652,22211126-1958139,0.8065836866455065,0.8900012969970703,0.7089996337890625,3.458583160217284
3978879594463300992,171.04909306103758,21.359804540978555,68.04195101183048,2361.927,1038.0396,-1037.89859423324,-17.107494410049725,14.124896,14.28668,13.829387,0.4572935,0.14108822,0.9811443,TYC 1439-477-1,PM*,4,17.597000122070312,16.843000411987305,WISEA,13.574000358581543,13.420000076293945,13.39900016784668,11241311+2121356,-2.718104411987305,0.7539997100830078,0.17500019073486328,0.5508956414184567
79257544069541248,33.462802411047214,15.985165401972967,9.39963520236257,479.02835,1020.20044,978.5166495364632,-288.64187097926174,12.775483,13.381881,12.029816,1.3520651,0.06020237,1.0675542,TYC 1214-213-1,PM*,0,17.499000549316406,16.599000930786133,WISEA,11.090999603271484,10.545999526977539,10.420000076293945,02134990+1559113,-3.8235179307861333,0.8999996185302734,0.6709995269775391,1.684483396728515
5051410134608005504,46.60987439860533,-33.43306916919613,11.36253817298978,208.04665,931.5241,-67.00792126165504,-929.1109379762304,16.955246,18.275515,15.816179,2.4593353,0.0,0.9698116,PM J03064-3325,PM*,4,13.510000228881836,13.321999549865723,WISEA,14.347999572753906,13.85200023651123,13.579999923706055,03062646-3325428,3.6332464501342763,0.18800067901611328,0.7679996490478516,2.6072464272460927
6893183782913620224,323.5474794835858,-10.703237693440917,39.89862708039422,1372.1819,916.97125,580.5640100856974,-709.7757851918531,14.106533,15.845738,12.853778,2.9919605,0.058857247,1.126697,LP  758-4,PM*,7,15.73799991607666,15.711999893188477,WISEA,15.333000183105469,14.730999946594238,14.42199993133545,21341126-1041460,-1.605466893188476,0.026000022888183594,0.9110002517700195,-1.226467183105468
991713927241075840,100.95736393067432,51.13495365951942,52.904678252357,914.8297,916.52466,104.92862821295807,-910.4984694416128,12.560951,,,,0.49349606,1.4866871,G 192-39B,PM*,3,7.919000148773193,7.928999900817871,WISEA,8.361000061035156,7.814000129699707,7.545000076293945,06434969+5108209,4.631951099182128,-0.009999752044677734,0.8159999847412109,4.199950938964843
6586853933540951680,328.473910202331,-37.18663395164654,12.236656265741932,167.48878,911.0124,-529.5773263253275,-741.2769260258133,16.484713,17.721235,15.392286,2.328949,0.16531064,1.0493839,LP  983-23,PM*,7,18.31800079345703,17.207000732421875,WISEA,13.984999656677246,13.458000183105469,13.258000373840332,21535446-3710596,-0.7222877324218757,1.1110000610351562,0.7269992828369141,2.499713343322753
1702642928692750592,238.9725147279116,73.22956049313153,11.400712226706712,366.1893,902.182,-762.4335104200733,482.31476743728274,16.039305,17.215384,14.968859,2.2465248,0.09954585,1.0676091,LP   42-230,PM*,8,15.5649995803833,15.505999565124512,WISEA,16.474000930786133,15.947999954223633,15.373000144958496,15554850+7313275,0.5333054348754871,0.05900001525878906,1.1010007858276367,-0.434695930786134
1159108770069138176,220.8198982197765,5.8273989940981465,12.624286847495592,144.62956,899.84625,-899.8393359092596,3.530506732372735,13.06981,13.361742,11.860341,1.501401,0.5771564,1.4621096,BD+06  2932B,PM*,4,16.913999557495117,16.849000930786133,WISEA,9.029999732971191,8.57699966430664,8.633999824523926,14431794+0549397,-3.7791909307861324,0.06499862670898438,0.3959999084472656,4.039810267028809
3183077473694357120,75.05912907629177,-10.019347703598005,13.340226779707267,502.09735,896.19147,489.5088710565487,-750.6931588855599,14.973249,15.969218,13.983378,1.9858398,0.0,1.0649896,PM J05002-1000,PM*,7,17.77899932861328,17.69300079345703,WISEA,12.718999862670898,12.281999588012695,12.081000328063965,05001361-1000569,-2.719751793457032,0.08599853515625,0.6379995346069336,2.2542491373291007
2413236093765321856,347.4719444237776,-11.77795476976515,36.05830409701421,1006.7823,886.6604,872.593084986997,157.31501611208893,15.1131525,17.21507,13.78356,3.431511,0.14627406,0.9968521,LP  762-1,PM*,8,17.48200035095215,16.384000778198242,WISEA,15.166000366210938,14.737000465393066,14.628999710083008,23095195-1146351,-1.2708482781982422,1.0979995727539062,0.5370006561279297,-0.05284786621093751
6611315799515521536,331.8475481607876,-35.13349804453238,10.052285573276984,392.7528,878.3888,745.6876242602259,-464.237926174495,14.634872,15.590131,13.671628,1.9185028,0.0,1.0360358,LP  983-97,PM*,5,18.35700035095215,17.579999923706055,WISEA,12.501999855041504,11.913000106811523,11.75100040435791,22072242-3507529,-2.945127923706055,0.7770004272460938,0.7509994506835938,2.1328721449584958
991713931537805440,100.95811427703256,51.13498845721774,53.02924083986898,2040.1127,874.5814,85.49859447961038,-870.3922472152394,11.507949,12.77411,10.267693,2.5064173,0.2129356,1.3843044,G 192-39B,PM*,3,15.484999656677246,15.147000312805176,WISEA,8.361000061035156,7.814000129699707,7.545000076293945,06434969+5108209,-3.639051312805176,0.3379993438720703,0.8159999847412109,3.1469489389648437
1234976584214604544,220.76669189809937,17.109990208151054,9.89679292333398,361.39816,869.838,167.44940684586183,-853.5683068414237,15.138268,16.094276,14.171731,1.9225454,0.054341547,1.0887514,LP  441-3,PM*,9,17.916000366210938,18.42300033569336,WISEA,12.963000297546387,12.442999839782715,12.218000411987305,14430381+1706509,-3.2847323356933593,-0.5069999694824219,0.744999885559082,2.1752677024536133
1685892762396628480,193.6488721352682,70.04548187424427,12.956706484052592,574.97797,855.6963,-800.2664091405832,-302.9683920392414,15.272547,16.303339,14.265123,2.0382156,0.0,1.0139495,LSPM J1254+7002,PM*,7,17.256999969482422,16.80900001525879,WISEA,16.62299919128418,16.32699966430664,15.944999694824219,12543515+7002493,-1.5364530152587896,0.4479999542236328,0.6779994964599609,-1.3504521912841803
5024549924533768960,30.072668955541133,-27.342473412512884,11.408488807163767,606.807,847.03613,-76.89900815259296,-843.5382295437166,13.923391,14.821779,12.985754,1.8360252,0.05172348,1.1527628,G 274-136,PM*,9,18.371999740600586,18.27400016784668,WISEA,11.8149995803833,11.27400016784668,11.074000358581543,02001752-2720182,-4.350609167846679,0.09799957275390625,0.7409992218017578,2.1083914196166997
2490649786899307648,31.50509012008304,-6.351472190718277,10.272320600183814,172.92818,840.31744,828.4518703512581,-140.71569761630553,16.364044,17.58178,15.2704315,2.311348,0.17148586,1.041153,LP  649-36,PM*,9,16.628999710083008,16.891000747680664,WISEA,13.868000030517578,13.404000282287598,13.111000061035156,02060037-0621031,-0.5269567476806643,-0.26200103759765625,0.7569999694824219,2.4960439694824217
830239138485572224,157.8491324699124,45.52339445319689,62.57685431082019,2411.2534,840.3095,-577.3241957852479,-610.5872978188678,13.160847,14.58937,11.775997,2.8133726,0.18273768,1.7172735,BD+46  1635B,PM*,4,6.6570000648498535,6.293000221252441,WISEA,14.345000267028809,13.394000053405762,13.477999687194824,10312536+4531252,6.867846778747559,0.3639998435974121,0.8670005798339844,-1.1841532670288082
6537262866750892416,353.5740221409481,-40.736312170832,29.331334578336023,1136.567,837.39056,807.7368641875378,-220.87131661805807,14.354544,16.145878,13.085192,3.060686,0.1008033,1.1463737,LP 1035-33,PM*,8,17.823999404907227,18.242000579833984,WISEA,11.248000144958496,10.713000297546387,10.4350004196167,23341658-4044071,-3.8874565798339837,-0.4180011749267578,0.8129997253417969,3.1065438550415045
830239138487431808,157.84731232129542,45.52340641448857,62.52016704002569,3002.4072,821.18176,-566.2165955824817,-594.7589727468139,8.291128,9.077447,7.4273505,1.6500964,0.1147194,0.9621849,BD+46  1635B,PM*,4,6.6570000648498535,6.293000221252441,WISEA,14.345000267028809,13.394000053405762,13.477999687194824,10312536+4531252,1.998127778747559,0.3639998435974121,0.8670005798339844,-6.053872267028808
1121562647004892800,129.32605454102102,70.62221209254467,19.97095185010053,610.8326,815.5798,98.61364841201328,-809.5959886407048,15.846747,17.711418,14.559986,3.151432,0.10195645,1.040191,LSR J0837+7037,PM*,7,17.163000106811523,17.30900001525879,WISEA,12.727999687194824,12.25100040435791,11.970999717712402,08371792+7037337,-1.4622530152587885,-0.14599990844726562,0.7569999694824219,3.1187473128051764
6803857877726735616,316.99109139759105,-25.360404073095044,23.830696056498702,224.30981,808.2987,660.6330142269868,-465.7368219043589,15.143074,16.852936,13.887846,2.9650898,0.47205862,0.9085959,LP  872-43,PM*,9,15.359999656677246,14.229000091552734,WISEA,12.21399974822998,11.678999900817871,11.458000183105469,21075706-2521297,0.914073908447266,1.1309995651245117,0.7559995651245117,2.92907425177002
2482910290191753856,17.375944180224703,-5.125202221404193,15.76108587500431,580.7196,807.5016,807.4273834769507,-10.945849496144772,14.487874,15.893268,13.323313,2.5699549,0.082221694,1.1961275,G 270-155,PM*,9,12.395000457763672,11.97599983215332,WISEA,11.751999855041504,11.274999618530273,11.052000045776367,01092928-0507306,2.5118741678466794,0.41900062561035156,0.6999998092651367,2.735874144958496
2482910290191753856,17.375944180224703,-5.125202221404193,15.76108587500431,580.7196,807.5016,807.4273834769507,-10.945849496144772,14.487874,15.893268,13.323313,2.5699549,0.082221694,1.1961275,G 270-155,PM*,9,12.395000457763672,11.97599983215332,WISEA,11.751999855041504,11.274999618530273,11.052000045776367,01092928-0507306,2.5118741678466794,0.41900062561035156,0.6999998092651367,2.735874144958496
2482910290191753856,17.375944180224703,-5.125202221404193,15.76108587500431,580.7196,807.5016,807.4273834769507,-10.945849496144772,14.487874,15.893268,13.323313,2.5699549,0.082221694,1.1961275,G 270-155,PM*,9,12.395000457763672,11.97599983215332,WISEA,11.751999855041504,11.274999618530273,11.052000045776367,01092928-0507306,2.5118741678466794,0.41900062561035156,0.6999998092651367,2.735874144958496
2482910290191753856,17.375944180224703,-5.125202221404193,15.76108587500431,580.7196,807.5016,807.4273834769507,-10.945849496144772,14.487874,15.893268,13.323313,2.5699549,0.082221694,1.1961275,G 270-155,PM*,9,12.395000457763672,11.97599983215332,WISEA,11.751999855041504,11.274999618530273,11.052000045776367,01092928-0507306,2.5118741678466794,0.41900062561035156,0.6999998092651367,2.735874144958496
4347692902941910528,239.1893088060332,-9.100523041103262,12.706531011580692,349.77716,806.9453,-133.9183849881481,-795.7553599480921,15.394792,16.75866,14.246126,2.5125332,0.052335225,1.034967,LP  684-4,PM*,6,17.19499969482422,17.55299949645996,WISEA,14.63700008392334,14.22700023651123,13.956000328063965,15564718-0906122,-2.1582074964599602,-0.3579998016357422,0.680999755859375,0.7577919160766609
2482910290191753728,17.374330389292147,-5.123726079101474,15.745358248407245,640.684,806.86646,806.7855670859365,-11.42680323082634,14.345863,15.708355,13.197234,2.5111208,0.034442842,1.0772519,G 270-155,PM*,9,12.395000457763672,11.97599983215332,WISEA,11.751999855041504,11.274999618530273,11.052000045776367,01092928-0507306,2.3698631678466793,0.41900062561035156,0.6999998092651367,2.5938631449584957
2482910290191753728,17.374330389292147,-5.123726079101474,15.745358248407245,640.684,806.86646,806.7855670859365,-11.42680323082634,14.345863,15.708355,13.197234,2.5111208,0.034442842,1.0772519,G 270-155,PM*,9,12.395000457763672,11.97599983215332,WISEA,11.751999855041504,11.274999618530273,11.052000045776367,01092928-0507306,2.3698631678466793,0.41900062561035156,0.6999998092651367,2.5938631449584957
2482910290191753728,17.374330389292147,-5.123726079101474,15.745358248407245,640.684,806.86646,806.7855670859365,-11.42680323082634,14.345863,15.708355,13.197234,2.5111208,0.034442842,1.0772519,G 270-155,PM*,9,12.395000457763672,11.97599983215332,WISEA,11.751999855041504,11.274999618530273,11.052000045776367,01092928-0507306,2.3698631678466793,0.41900062561035156,0.6999998092651367,2.5938631449584957
2482910290191753728,17.374330389292147,-5.123726079101474,15.745358248407245,640.684,806.86646,806.7855670859365,-11.42680323082634,14.345863,15.708355,13.197234,2.5111208,0.034442842,1.0772519,G 270-155,PM*,9,12.395000457763672,11.97599983215332,WISEA,11.751999855041504,11.274999618530273,11.052000045776367,01092928-0507306,2.3698631678466793,0.41900062561035156,0.6999998092651367,2.5938631449584957
4983570061015756928,18.43846511975345,-43.425301500581256,12.613104911001612,248.4779,804.65924,-23.21093035007172,-804.3244057222638,16.144735,17.327494,15.066354,2.2611399,0.30657315,1.2781606,LP  990-102,PM*,7,17.36199951171875,16.45400047302246,WISEA,13.673999786376953,13.17300033569336,12.92199993133545,01134526-4325178,-0.3092654730224602,0.9079990386962891,0.7519998550415039,2.4707352136230476
2355093506571972096,20.34202949516254,-17.840018825362613,10.272044593573002,210.04701,802.63684,4.959112267575335,-802.6215475487306,15.768468,17.042759,14.650582,2.3921766,0.16962232,1.2113178,LP  767-37,PM*,7,17.844999313354492,17.160999298095703,WISEA,13.220999717712402,12.704999923706055,12.472999572753906,01212207-1750101,-1.3925312980957028,0.6840000152587891,0.7480001449584961,2.547468282287598
6553304122924596992,347.3929662408889,-36.9694404149594,8.916145742533041,535.606,787.1693,-437.85314755480135,-654.1560499604843,13.869031,14.715383,12.966148,1.7492342,0.024677757,1.1354347,LP  985-100,PM*,6,16.56800079345703,16.933000564575195,WISEA,15.454000473022461,15.04800033569336,15.03600025177002,23093461-3657514,-3.0639695645751956,-0.36499977111816406,0.4180002212524414,-1.5849694730224613
4986698652632835968,11.484726916348889,-42.79719975674512,10.844145040679832,516.8765,778.35876,659.6808739897813,-413.1144595564332,14.611576,15.734382,13.558524,2.1758575,0.0,1.0230929,LP  989-155,PM*,8,18.450000762939453,17.86199951171875,WISEA,12.229000091552734,11.704000473022461,11.463000297546387,00455536-4247431,-3.2504235117187505,0.5880012512207031,0.7659997940063477,2.382575908447265
6783677544390496896,319.0804457702243,-33.06482500912259,32.83171485884223,619.764,777.05133,704.17841029383,-328.54452645525464,15.723148,17.938004,14.36486,3.573144,0.24135499,1.1026022,PM J21163-3303,PM*,5,17.618999481201172,17.263999938964844,WISEA,12.390999794006348,11.855999946594238,11.581999778747559,21161838-3303479,-1.5408519389648436,0.3549995422363281,0.8090000152587891,3.3321482059936525
3093687315794818560,127.19868539265715,6.394310587328674,9.395633975371274,109.67155,774.1144,124.16586650632608,-764.0915652597424,17.195837,18.531307,16.056095,2.475212,0.051663216,1.0139331,LP  545-22,PM*,9,17.511999130249023,18.113000869750977,WISEA,14.532999992370605,14.02299976348877,13.878000259399414,08284754+0623515,-0.9171638697509756,-0.6010017395019531,0.6549997329711914,2.6628370076293955
6338296685697914368,222.4759670550357,-4.269194736981598,12.67028083647966,631.508,771.61615,-278.59114932591723,-719.5682461933924,13.654486,14.408121,12.812343,1.5957785,0.03690963,1.0914224,G 124-76,PM*,8,17.108999252319336,17.43400001525879,WISEA,11.770000457763672,11.222999572753906,11.064000129699707,14495454-0415569,-3.7795140152587887,-0.3250007629394531,0.7060003280639648,1.8844855422363285
2375636232069329792,8.208787045902525,-12.343866773402192,9.921174470794869,156.1126,770.8379,641.433524395437,-427.497476170013,16.275225,17.41037,15.224412,2.185958,0.077823244,0.96004856,LP  705-56,PM*,6,18.04599952697754,17.80299949645996,WISEA,13.916000366210938,13.35099983215332,13.260000228881836,00324937-1220308,-1.527774496459962,0.24300003051757812,0.6560001373291016,2.3592246337890614
2371073911649103872,11.594924468760322,-14.857584188602608,9.51132771695097,208.20372,766.17084,-231.8411080450344,-730.2516218925707,16.038746,17.066376,15.032133,2.0342426,0.0,1.013674,LP  766-15,PM*,8,17.475000381469727,17.9950008392334,WISEA,13.746999740600586,13.199999809265137,13.062000274658203,00462305-1451144,-1.9562548392333987,-0.5200004577636719,0.6849994659423828,2.291746259399414
276219659029030272,60.05741697023883,54.28906207584434,5.769509535480577,129.18239,760.01013,518.5929137894586,-555.5868880725437,16.262812,17.20014,15.308874,1.8912659,0.0,0.98089236,LSR J0400+5417,PM*,6,17.28700065612793,17.150999069213867,WISEA,14.092000007629395,13.585000038146973,13.322999954223633,04001276+5417300,-0.8881870692138669,0.1360015869140625,0.7690000534057617,2.1708119923706057
3037127544313394560,118.35988682231437,-11.703362123503265,12.202992334280715,306.28943,759.64417,213.09778584341808,-729.1423900446238,15.630631,16.73145,14.584076,2.1473732,0.0,1.0248041,PM J07534-1142,PM*,3,15.826000213623047,16.11199951171875,WISEA,15.482000350952148,15.079000473022461,14.914999961853027,07532807-1142180,-0.4813685117187507,-0.2859992980957031,0.5670003890991211,0.14863064904785084
727531798829508608,158.33750038967807,25.98650545565828,36.55905406324395,1087.771,755.165,487.73199023789465,-576.53413281012,15.104091,17.251387,13.757664,3.493723,0.16092235,1.0358831,LSR J1033+2559,PM*,8,18.04400062561035,17.410999298095703,WISEA,16.959999084472656,16.474000930786133,15.916999816894531,10332257+2559159,-2.3069082980957027,0.6330013275146484,1.042999267578125,-1.8559080844726559
1722694722247854592,243.5486922061812,82.19514369927991,36.00787255670546,285.16937,752.52625,-474.279574609113,584.255630278066,18.157394,21.141191,16.60017,4.5410213,0.94187343,1.0421177,2MASS J16141557+8211327,PM*,3,18.801000595092773,18.2189998626709,WISEA,16.371000289916992,15.73900032043457,15.039999961853027,16142201+8211348,-0.061605862670898404,0.582000732421875,1.3310003280639648,1.7863937100830078
521995692206323584,33.22486121576885,70.20908860248257,26.84809718388853,925.95624,747.5904,726.4576066105769,176.49566128286767,15.458896,17.371473,14.163976,3.2074976,0.14061606,1.0883263,LSR J0212+7012,PM*,9,16.7549991607666,16.70599937438965,WISEA,12.317000389099121,11.843000411987305,11.543000221252441,02125178+7012300,-1.2471033743896491,0.048999786376953125,0.7740001678466797,3.141895610900878
3593740737340207488,174.57980932521622,-5.792552229457451,13.047321139640674,52.00545,742.6041,-701.7715951911582,-242.8528282338133,18.564344,21.068003,17.11468,3.9533234,0.7042683,1.0227482,2MASS J11381994-0547288,PM*,5,18.371000289916992,17.530000686645508,WISEA,14.843000411987305,14.36299991607666,13.965999603271484,11381994-0547288,1.0343433133544906,0.8409996032714844,0.8770008087158203,3.7213435880126937
3756110017461220992,163.25198719426768,-13.748710135812305,28.65541668683412,825.44336,741.6517,657.4842799229986,-343.1641905096541,14.166843,15.712399,12.936422,2.7759762,0.17915633,1.5204844,LP  731-15,PM*,7,17.099000930786133,16.042999267578125,WISEA,10.763999938964844,10.293000221252441,9.734999656677246,10525961-1344496,-1.876156267578125,1.0560016632080078,1.0290002822875977,3.4028430610351563
3756110013166009728,163.2513723684953,-13.748927780447518,28.94147479520426,734.57745,740.4127,659.1925136673228,-337.15901560840365,14.156105,15.701739,12.908812,2.7929277,0.22599956,1.9781308,LP  731-15,PM*,7,17.099000930786133,16.042999267578125,WISEA,16.31999969482422,15.645000457763672,15.442000389099121,10525846-1345018,-1.8868942675781248,1.0560016632080078,0.8779993057250977,-2.1638946948242186
2388810099356784384,354.8321990025665,-20.95024620998666,8.101499496024422,119.37708,733.3397,671.6920293345578,-294.3075777599976,16.657442,17.593523,15.712607,1.8809156,0.0,0.9869831,LP  878-7,PM*,7,15.607999801635742,15.633999824523926,WISEA,16.43899917602539,15.821000099182129,15.253000259399414,23392092-2057244,1.0234421754760739,-0.026000022888183594,1.1859989166259766,0.218442823974609
4999924471844242048,11.708336205821304,-38.68082460359833,9.65454094153112,510.90652,732.02527,-169.92329965604534,-712.0302509589706,14.371873,15.237435,13.457064,1.7803717,0.0,1.0250449,LP  989-161,PM*,6,18.52899932861328,18.496999740600586,WISEA,12.336000442504883,11.861000061035156,11.600000381469727,00465023-3840393,-4.125126740600585,0.03199958801269531,0.7360000610351562,2.035872557495118
2479640651848323712,24.360924984469587,-5.732852885326588,8.889568731402976,151.22557,728.52124,607.6829773443168,-401.8265808111779,16.584797,17.678879,15.540042,2.1388369,0.0,1.0171673,WT 1213,PM*,3,16.54800033569336,16.513999938964844,WISEA,14.236000061035156,13.711999893188477,13.539999961853027,01372592-0543512,0.07079706103515448,0.034000396728515625,0.6960000991821289,2.348796938964842
6835152967948730880,320.7774794294156,-16.860987326502517,22.59751932102804,1219.026,727.51733,-229.0015509997027,-690.5358519366085,13.941712,15.359861,12.773999,2.5858622,0.0,1.0818182,LP  817-30,PM*,9,14.496999740600586,14.63700008392334,WISEA,15.17300033569336,14.555999755859375,14.390999794006348,21230685-1651562,-0.6952880839233391,-0.1400003433227539,0.7820005416870117,-1.2312883356933586
5103203969863246208,49.6164610809593,-19.99224387824048,34.34818206482861,1516.7463,725.6531,587.9094398190826,-425.3643543241628,14.5074,16.204874,13.259662,2.9452124,0.0644875,1.0984923,LP  772-33,PM*,7,15.984999656677246,15.378000259399414,WISEA,17.038999557495117,15.029999732971191,15.055000305175781,03182779-1959337,-0.8706002593994135,0.606999397277832,1.983999252319336,-2.5315995574951167
2085051835892040832,304.6744455803816,50.22336592429723,22.785308560994427,1823.2767,723.3396,-722.8523540448836,26.546083688557715,14.019702,15.124522,12.979871,2.1446514,0.0,1.0014542,2MASS J20184303+5013236,PM*,6,16.878999710083008,17.40999984741211,WISEA,15.027999877929688,14.392999649047852,14.354999542236328,20184219+5013095,-3.390297847412109,-0.5310001373291016,0.6730003356933594,-1.008297877929687
2412679706523802112,350.30933474624743,-11.624408406872606,31.18002615499496,898.9131,722.0887,686.1409120264678,-224.994963684501,15.368273,17.252682,14.08556,3.167122,0.07354309,1.0226079,LP  762-8,PM*,8,11.449999809265137,11.199999809265137,WISEA,12.295999526977539,11.76099967956543,11.51200008392334,23211343-1137239,4.168273190734864,0.25,0.7839994430541992,3.0722734730224612
3250489115708824192,55.08968282529162,-3.218224247356161,38.462420523847776,821.3365,721.32935,687.0370967971802,-219.76364822457344,15.565228,17.84236,14.18999,3.6523695,0.2827895,1.1832312,HD  22879B,PM*,4,5.453999996185303,6.484000205993652,WISEA,14.12600040435791,15.781999588012695,14.031999588012695,03402271-0313149,9.081227794006347,-1.0300002098083496,0.09400081634521484,1.4392275956420892
5068524995165870720,35.838452659457566,-29.16162469797248,12.521321669405944,585.5482,717.7709,677.4987682935059,-237.04517964053167,14.257505,15.340022,13.219993,2.1200294,0.0,1.0530436,LP  885-54,PM*,9,15.57800006866455,15.621999740600586,WISEA,11.951000213623047,11.420000076293945,11.192999839782715,02232034-2909377,-1.3644947406005858,-0.043999671936035156,0.758000373840332,2.306504786376953
835195736903689216,157.7353272652172,49.74495822882005,8.529435271054593,281.7934,717.56757,-575.8410823278248,-428.1474778105848,15.360307,16.288254,14.406792,1.8814621,0.0,0.9793859,G 196-29,PM*,9,17.218000411987305,16.940000534057617,WISEA,13.217000007629395,12.722000122070312,12.527000427246094,10305749+4944491,-1.5796935340576166,0.2779998779296875,0.6899995803833008,2.143306992370606
4127813392278943360,256.476422846842,-20.51605836321443,9.968352014114512,224.00502,707.111,-543.503796870296,-452.3379828341538,15.421521,16.274303,14.521672,1.7526312,0.07194162,1.0298494,PM J17059-2030,PM*,3,14.958000183105469,14.982999801635742,WISEA,16.68600082397461,15.956999778747559,15.734999656677246,17055232-2031030,0.43852119836425807,-0.024999618530273438,0.9510011672973633,-1.2644798239746091
1285435333566659200,217.16452773139883,31.287183865280547,7.114620628323084,174.60727,704.7425,-64.05025517355023,-701.8258815672632,16.02224,17.017984,15.032863,1.9851217,0.0,0.98626673,LP  325-38,PM*,9,16.617000579833984,16.72100067138672,WISEA,13.805999755859375,13.319000244140625,13.069999694824219,14283956+3117247,-0.6987606713867187,-0.10400009155273438,0.7360000610351562,2.216240244140625
5089072531027887232,61.83660838935507,-24.490010370294005,54.32403871356248,928.5949,704.14526,219.00429529184527,-669.2216593686452,12.054182,12.925132,10.064442,2.86069,0.53084236,1.5905108,LP  833-42 A,PM*,5,,,,8.23900032043457,7.677999973297119,7.440999984741211,04072048-2429129,,,0.7980003356933594,3.8151816795654305
5021082752054529536,30.973918852207824,-28.932429206551863,8.563531049080723,396.4001,702.33374,573.2320334319359,-405.8050760764187,14.530474,15.33997,13.649961,1.6900082,0.039308228,1.0616901,G 274-143,PM*,6,18.56599998474121,17.305999755859375,WISEA,12.562000274658203,12.006999969482422,11.86299991607666,02035299-2855498,-2.775525755859375,1.260000228881836,0.699000358581543,1.9684737253417968
2759428629829608064,357.6535976770348,9.949318872191798,50.14831538141223,1555.1163,700.5929,652.9595417502628,253.9177315922612,10.597985,11.790701,9.320761,2.4699402,0.21967284,1.5668577,G  29-73A,PM*,3,,,,7.671999931335449,7.0980000495910645,6.807000160217285,23503619+0956537,,,0.8649997711181641,2.9259850686645503
523686431849757440,14.641039034901192,62.811998764250674,8.099485597402477,421.7843,700.1592,637.0748210299452,290.445443759056,14.495413,15.32958,13.598782,1.7307987,0.0,1.1043795,Wolf   40,PM*,8,14.303999900817871,14.440999984741211,WISEA,15.848999977111816,15.366000175476074,14.979000091552734,00583762+6248382,0.05441301525878828,-0.13700008392333984,0.869999885559082,-1.3535869771118172
5055842025461459072,53.17936383991653,-30.328445951605094,12.683791929799712,694.35236,697.942,-83.43308824990564,-692.9371909185309,14.573144,15.817772,13.46637,2.3514023,0.0,1.053977,LP  888-22,PM*,8,17.10300064086914,16.913000106811523,WISEA,12.032999992370605,11.527000427246094,11.29699993133545,03324315-3019305,-2.3398561068115242,0.1900005340576172,0.7360000610351562,2.5401440076293937
5076597712617010304,43.92545392992794,-23.96086613172132,10.425890690325277,581.49,684.6613,9.059580382647257,-684.6013859269509,14.27145,15.198462,13.315756,1.8827057,0.0,1.033777,LP  831-2,PM*,9,17.41900062561035,16.975000381469727,WISEA,14.795000076293945,14.286999702453613,14.097000122070312,02554070-2357238,-2.703550381469727,0.444000244140625,0.6979999542236328,-0.5235500762939456
1509560165641240192,210.13756223891804,47.695021807414825,11.610061312717448,481.43808,683.6918,-619.1284716651037,-290.0247589585656,13.906002,14.710273,12.894858,1.8154144,0.19484723,2.0022836,Ross 1027A,PM*,1,17.31399917602539,17.756000518798828,WISEA,17.224000930786133,16.67300033569336,15.5649995803833,14003239+4741509,-3.8499985187988273,-0.4420013427734375,1.659001350402832,-3.317998930786132
2279224077519149568,330.303127429414,74.30033011849221,9.0717359202374,85.37532,683.1375,433.7589636927708,527.7594144382927,18.25028,19.914051,17.000526,2.9135246,0.0,1.0479054,2MASS J22011098+7417528,PM*,0,18.49799919128418,17.725000381469727,WISEA,15.52400016784668,15.197999954223633,15.060999870300293,22010979+7417483,0.5252796185302735,0.7729988098144531,0.4630002975463867,2.7262798321533204
1509560165639569152,210.137667277776,47.69570403349389,11.51329541738268,1098.7028,682.1277,-617.3760844401799,-290.0775461631431,12.289008,12.937372,11.491367,1.4460049,0.06145604,1.0590423,Ross 1027A,PM*,1,17.31399917602539,17.756000518798828,WISEA,17.224000930786133,16.67300033569336,15.5649995803833,14003239+4741509,-5.466992518798827,-0.4420013427734375,1.659001350402832,-4.934992930786132
6783390365695533696,321.1545526684809,-32.498538663123576,11.204456552384412,231.23027,677.8601,429.41191880329,-524.4995234790758,15.606924,16.789917,14.528512,2.261405,0.0,0.9884415,LP  929-42,PM*,7,18.165000915527344,16.777000427246094,WISEA,15.972999572753906,15.378000259399414,15.288000106811523,21243768-3230004,-1.1700764272460944,1.38800048828125,0.6849994659423828,-0.3660755727539069
1928108370769224704,344.41706906765364,37.32099623917873,42.7078767077444,420.4238,668.9531,-567.03800983276,-354.91709175294795,13.763308,15.432271,12.42655,3.005721,0.9517842,6.482586,G 189-53B,PM*,3,8.91100025177002,8.62600040435791,WISEA,8.975000381469727,8.407999992370605,8.03499984741211,22574092+3719232,5.13730759564209,0.2849998474121094,0.9400005340576172,4.788307618530274
1928108370769224704,344.41706906765364,37.32099623917873,42.7078767077444,420.4238,668.9531,-567.03800983276,-354.91709175294795,13.763308,15.432271,12.42655,3.005721,0.9517842,6.482586,G 189-53B,PM*,3,8.91100025177002,8.62600040435791,WISEA,8.975000381469727,8.407999992370605,8.03499984741211,22574092+3719232,5.13730759564209,0.2849998474121094,0.9400005340576172,4.788307618530274
1928108370769224704,344.41706906765364,37.32099623917873,42.7078767077444,420.4238,668.9531,-567.03800983276,-354.91709175294795,13.763308,15.432271,12.42655,3.005721,0.9517842,6.482586,G 189-53B,PM*,3,8.91100025177002,8.62600040435791,WISEA,8.975000381469727,8.407999992370605,8.03499984741211,22574092+3719232,5.13730759564209,0.2849998474121094,0.9400005340576172,4.788307618530274
1928108370769224704,344.41706906765364,37.32099623917873,42.7078767077444,420.4238,668.9531,-567.03800983276,-354.91709175294795,13.763308,15.432271,12.42655,3.005721,0.9517842,6.482586,G 189-53B,PM*,3,8.91100025177002,8.62600040435791,WISEA,8.975000381469727,8.407999992370605,8.03499984741211,22574092+3719232,5.13730759564209,0.2849998474121094,0.9400005340576172,4.788307618530274
2619303676825175936,332.3260796210888,-7.925639527832169,15.19752949983168,706.17773,666.85394,31.420217662169893,-666.1133349356669,12.462265,13.328779,11.4263735,1.9024057,0.10228035,1.2513903,Wolf 1328 B,PM*,8,9.156000137329102,9.03499984741211,WISEA,14.782999992370605,14.14799976348877,13.984999656677246,22091980-0755186,3.427265152587891,0.12100028991699219,0.7980003356933594,-2.320734992370605
2619303676825175936,332.3260796210888,-7.925639527832169,15.19752949983168,706.17773,666.85394,31.420217662169893,-666.1133349356669,12.462265,13.328779,11.4263735,1.9024057,0.10228035,1.2513903,Wolf 1328 B,PM*,8,9.156000137329102,9.03499984741211,WISEA,14.782999992370605,14.14799976348877,13.984999656677246,22091980-0755186,3.427265152587891,0.12100028991699219,0.7980003356933594,-2.320734992370605
2619303676825175936,332.3260796210888,-7.925639527832169,15.19752949983168,706.17773,666.85394,31.420217662169893,-666.1133349356669,12.462265,13.328779,11.4263735,1.9024057,0.10228035,1.2513903,Wolf 1328 B,PM*,8,9.156000137329102,9.03499984741211,WISEA,14.782999992370605,14.14799976348877,13.984999656677246,22091980-0755186,3.427265152587891,0.12100028991699219,0.7980003356933594,-2.320734992370605
2619303676825175936,332.3260796210888,-7.925639527832169,15.19752949983168,706.17773,666.85394,31.420217662169893,-666.1133349356669,12.462265,13.328779,11.4263735,1.9024057,0.10228035,1.2513903,Wolf 1328 B,PM*,8,9.156000137329102,9.03499984741211,WISEA,14.782999992370605,14.14799976348877,13.984999656677246,22091980-0755186,3.427265152587891,0.12100028991699219,0.7980003356933594,-2.320734992370605
1725168726490933760,203.48430357408384,82.27264873058755,6.285150427357436,202.8153,664.3708,-656.3813681755396,-102.7232171230386,16.079155,16.93139,15.175065,1.7563257,0.0,1.0657614,LP    8-29,PM*,6,17.468000411987305,17.57200050354004,WISEA,14.074999809265137,13.520000457763672,13.342000007629395,13340169+8216233,-1.492845503540039,-0.10400009155273438,0.7329998016357422,2.0041551907348634
2619303676825175808,332.325694575658,-7.9258918933974,15.41581032706579,228.45659,662.50214,36.19079300866328,-661.5129113775843,13.805608,,,,0.38617328,1.4118481,Wolf 1328 B,PM*,8,9.156000137329102,9.03499984741211,WISEA,14.782999992370605,14.14799976348877,13.984999656677246,22091980-0755186,4.77060815258789,0.12100028991699219,0.7980003356933594,-0.977391992370606
2619303676825175808,332.325694575658,-7.9258918933974,15.41581032706579,228.45659,662.50214,36.19079300866328,-661.5129113775843,13.805608,,,,0.38617328,1.4118481,Wolf 1328 B,PM*,8,9.156000137329102,9.03499984741211,WISEA,14.782999992370605,14.14799976348877,13.984999656677246,22091980-0755186,4.77060815258789,0.12100028991699219,0.7980003356933594,-0.977391992370606
2619303676825175808,332.325694575658,-7.9258918933974,15.41581032706579,228.45659,662.50214,36.19079300866328,-661.5129113775843,13.805608,,,,0.38617328,1.4118481,Wolf 1328 B,PM*,8,9.156000137329102,9.03499984741211,WISEA,14.782999992370605,14.14799976348877,13.984999656677246,22091980-0755186,4.77060815258789,0.12100028991699219,0.7980003356933594,-0.977391992370606
2619303676825175808,332.325694575658,-7.9258918933974,15.41581032706579,228.45659,662.50214,36.19079300866328,-661.5129113775843,13.805608,,,,0.38617328,1.4118481,Wolf 1328 B,PM*,8,9.156000137329102,9.03499984741211,WISEA,14.782999992370605,14.14799976348877,13.984999656677246,22091980-0755186,4.77060815258789,0.12100028991699219,0.7980003356933594,-0.977391992370606
514142567849992832,38.7813823283652,63.24073165197153,36.65970389056541,966.43,661.0292,533.2270469272908,-390.6769978766898,15.690943,18.171446,14.29336,3.878086,0.2076256,0.960421,2MASS J02350634+6314325,PM*,6,16.11400032043457,16.415000915527344,WISEA,15.104000091552734,14.668000221252441,14.368000030517578,02350442+6314205,-0.724057915527343,-0.30100059509277344,0.7360000610351562,0.5869429084472664
1928108370769224576,344.41751930871175,37.321598288193634,42.974274838648014,1861.0195,658.4257,-548.0533796296852,-364.9135596629905,11.838677,13.220052,10.66949,2.550562,0.19941013,1.4113199,G 189-53B,PM*,3,8.91100025177002,8.62600040435791,WISEA,8.975000381469727,8.407999992370605,8.03499984741211,22574092+3719232,3.2126765956420904,0.2849998474121094,0.9400005340576172,2.863676618530274
1928108370769224576,344.41751930871175,37.321598288193634,42.974274838648014,1861.0195,658.4257,-548.0533796296852,-364.9135596629905,11.838677,13.220052,10.66949,2.550562,0.19941013,1.4113199,G 189-53B,PM*,3,8.91100025177002,8.62600040435791,WISEA,8.975000381469727,8.407999992370605,8.03499984741211,22574092+3719232,3.2126765956420904,0.2849998474121094,0.9400005340576172,2.863676618530274
1928108370769224576,344.41751930871175,37.321598288193634,42.974274838648014,1861.0195,658.4257,-548.0533796296852,-364.9135596629905,11.838677,13.220052,10.66949,2.550562,0.19941013,1.4113199,G 189-53B,PM*,3,8.91100025177002,8.62600040435791,WISEA,8.975000381469727,8.407999992370605,8.03499984741211,22574092+3719232,3.2126765956420904,0.2849998474121094,0.9400005340576172,2.863676618530274
1928108370769224576,344.41751930871175,37.321598288193634,42.974274838648014,1861.0195,658.4257,-548.0533796296852,-364.9135596629905,11.838677,13.220052,10.66949,2.550562,0.19941013,1.4113199,G 189-53B,PM*,3,8.91100025177002,8.62600040435791,WISEA,8.975000381469727,8.407999992370605,8.03499984741211,22574092+3719232,3.2126765956420904,0.2849998474121094,0.9400005340576172,2.863676618530274
6600087548117648512,337.9261454840504,-34.86818827774056,9.284489101547418,42.261604,657.9345,-208.1717842596815,-624.1332880245125,18.542461,20.342916,17.263634,3.0792828,0.9958216,1.0827714,LEHPM 4807,PM*,2,17.665000915527344,17.43400001525879,WISEA,16.809999465942383,15.77400016784668,15.48900032043457,22314072-3452103,1.1084609847412104,0.2310009002685547,1.3209991455078125,1.7324615340576166
1051937447565634688,153.6740337433098,62.15563797644032,10.580067480006225,542.78345,656.7966,-481.0068255431306,-447.22945370944666,14.764485,15.672068,13.825647,1.8464203,0.0,1.0092124,G 235-62,PM*,9,18.007999420166016,17.454999923706055,WISEA,12.64900016784668,12.145999908447266,11.940999984741211,10144285+6209274,-2.690514923706054,0.5529994964599609,0.7080001831054688,2.115484832153321
2759428634126128384,357.6539217495241,9.94925709891855,50.80855501441288,437.05182,649.0164,613.6245550532719,211.393504634426,12.3821945,,,,0.62410676,1.5659056,G  29-73A,PM*,3,,,,7.671999931335449,7.0980000495910645,6.807000160217285,23503619+0956537,,,0.8649997711181641,4.710194568664551
2562861381284623104,18.91906918107,3.437051770782465,8.61784962552662,105.02047,648.51294,648.114722294388,22.72303959977627,16.714828,17.871576,15.655045,2.2165318,0.0,1.0119098,LP  587-20,PM*,7,18.152999877929688,18.051000595092773,WISEA,14.390999794006348,13.930999755859375,13.718999862670898,01153990+0326130,-1.3361725950927728,0.10199928283691406,0.6719999313354492,2.323828205993653
1017619147041964160,133.8455213699283,52.91372373090701,8.01646210675889,176.61957,647.3173,-294.0544028063998,-576.6730085495096,16.429018,17.488033,15.411696,2.0763369,0.0,1.0290338,LP  125-20,PM*,7,18.63800048828125,17.770999908447266,WISEA,14.093000411987305,13.61299991607666,13.416000366210938,08552344+5254587,-1.3419819084472664,0.8670005798339844,0.6770000457763672,2.3360175880126945
2492479271168730112,30.12266623069784,-3.9569125939468623,8.612286434863295,146.77843,644.4135,633.0452728781939,-120.50901217661836,16.027256,17.117422,14.999371,2.1180515,0.07624175,1.0898303,LP  649-19,PM*,7,17.02899932861328,16.795000076293945,WISEA,13.736000061035156,13.197999954223633,12.97700023651123,02002871-0357228,-0.767744076293944,0.23399925231933594,0.7589998245239258,2.291255938964845
1945261782959759232,359.1275524532734,53.18242878002329,28.90743500876464,1188.6742,642.7581,567.2095254175322,-302.3430502855847,14.531007,16.126997,13.310248,2.8167486,0.09976896,1.1710789,LSPM J2356+5311,PM*,7,12.800000190734863,12.87600040435791,WISEA,13.562999725341797,12.998000144958496,12.83899974822998,23563052+5310329,1.6550065956420905,-0.07600021362304688,0.7239999771118164,0.9680072746582038
4897565299418285952,64.95703995136724,-22.791811459944054,12.47305405364556,326.68237,642.4486,178.07227486232654,-617.2766353489013,16.151026,17.249025,15.116001,2.1330242,0.0,1.0313755,LP  834-45,PM*,6,14.62399959564209,14.395999908447266,WISEA,16.549999237060547,15.991000175476074,15.164999961853027,04194898-2247486,1.755026091552736,0.22799968719482422,1.3849992752075195,-0.3989732370605452
1053684365383508992,154.6747874455642,65.19828638678989,9.237570572604108,349.08572,642.1193,517.7499740707841,-379.8054489556049,15.557189,16.5087,14.594105,1.9145947,0.0,0.9820717,G 236-22,PM*,7,17.23200035095215,17.327999114990234,WISEA,13.42300033569336,12.888999938964844,12.645999908447266,10184065+6511599,-1.770810114990235,-0.09599876403808594,0.7770004272460938,2.13418866430664
1450765911648481920,209.8943258387556,26.59093148630188,42.02427920335218,1372.5032,639.77,-593.3703766566476,-239.2013428380418,14.593469,16.671278,13.261195,3.4100828,0.18324491,1.16161,Gaia DR3 1450771782870275456,PM*,1,16.990999221801758,16.868000030517578,WISEA,11.265999794006348,10.753000259399414,10.468999862670898,13593541+2635316,-2.2745310305175774,0.12299919128417969,0.7969999313354492,3.327469205993653
17525291929400832,50.34972187682506,12.478075257578778,15.133793700977684,128.91531,639.6358,341.86376349007423,-540.6136760198974,16.75055,,,,0.60881615,0.92831844,LP  472-46 A,PM*,2,17.861000061035156,17.982999801635742,WISEA,12.41100025177002,11.86400032043457,11.70199966430664,03212353+1228514,-1.2324498016357417,-0.12199974060058594,0.7090005874633789,4.339549748229981
1128641886979903104,168.20259557858395,77.7784553847968,5.73615731972658,123.38407,638.3248,-401.1738431191589,-496.5059172300664,16.682947,17.614311,15.730603,1.883708,0.0,0.949449,LP   19-274,PM*,7,18.889999389648438,18.645000457763672,WISEA,14.621999740600586,14.074000358581543,13.79800033569336,11125073+7746508,-1.9620534577636732,0.24499893188476562,0.8239994049072266,2.0609472593994127
3442745179171045888,83.54750423470702,28.34577877776276,9.478750944231365,73.84726,636.5625,242.13544077019048,-588.7123359565365,17.810545,19.243042,16.647858,2.5951843,0.0,0.9713857,Gaia DR3 3442744801203149952,PM*,1,17.92799949645996,17.02899932861328,WISEA,16.83300018310547,15.711000442504883,15.300999641418457,05341238+2820259,0.7815456713867199,0.8990001678466797,1.5320005416870117,0.9775448168945324
6611174031234294144,343.1894697162871,-25.425389586812315,10.330212556102982,110.943275,636.48334,-19.68364038528712,-636.1788921763409,17.080988,18.657656,15.8718815,2.7857742,0.0,0.98494536,LP  877-1,PM*,9,17.214000701904297,17.02199935913086,WISEA,14.319000244140625,13.710000038146973,13.414999961853027,22524549-2525202,0.05898864086914202,0.1920013427734375,0.9040002822875977,2.7619877558593764
6152709705729644160,192.8788713287982,-38.76956249177145,37.687441505802944,660.29565,635.809,-623.1387401951737,126.2979924764603,15.711653,18.204111,14.303074,3.9010372,0.3486147,1.1455206,SIPS J1251-3846,PM*,7,17.697999954223633,17.70800018310547,WISEA,12.086000442504883,11.557999610900879,11.246000289916992,12513182-3846125,-1.9963471831054687,-0.010000228881835938,0.8400001525878906,3.6256525574951173
17525291928845952,50.349622178044456,12.478438745708214,16.558597615884914,189.24693,635.71783,337.21882780043893,-538.9068622331457,15.749768,17.286474,14.24433,3.0421438,0.49638835,0.9872184,LP  472-46 A,PM*,2,17.861000061035156,17.982999801635742,WISEA,12.41100025177002,11.86400032043457,11.70199966430664,03212353+1228514,-2.2332318016357426,-0.12199974060058594,0.7090005874633789,3.33876774822998
2977562395228614656,71.77935872532521,-19.779242823076657,9.904918954098235,52.461224,634.72784,499.190425430236,-392.03104125910966,18.68583,20.603096,17.339577,3.2635193,0.7849277,1.0866306,2MASS J04470652-1946392,PM*,6,16.308000564575195,16.343000411987305,WISEA,15.333000183105469,15.102999687194824,14.949999809265137,04470652-1946392,2.3428295880126946,-0.034999847412109375,0.38300037384033203,3.3528298168945305
3002561853671949568,99.4995026115068,-9.411417477118786,8.876090620967203,335.6573,633.9823,428.4275335609635,-467.3151141044378,15.159838,16.039164,14.237162,1.802002,0.0,1.0117041,LP  720-26,PM*,5,16.107999801635742,16.834999084472656,WISEA,16.658000946044922,15.895000457763672,15.54699993133545,06375924-0924419,-1.6751610844726557,-0.7269992828369141,1.1110010147094727,-1.4981629460449213
1085037832803001344,121.02364100454987,61.8896541798735,49.8881107945537,520.22345,633.9683,-51.67544889779171,-631.8587568740883,17.30117,20.5573,15.7596655,4.797635,0.5185125,0.9890941,TYC 4126-40-1,PM*,3,17.599000930786133,17.47599983215332,WISEA,12.739999771118164,11.928999900817871,11.454000473022461,08040580+6153336,-0.17482983215332126,0.1230010986328125,1.2859992980957031,4.561170228881835
2335287797462765952,3.597146013487045,-26.055951668032847,8.330976646630427,337.3277,633.282,536.5555809241365,-336.3840267703817,14.754456,15.633003,13.833518,1.7994852,0.0,0.9956552,G 266-72,PM*,7,17.753999710083008,17.211000442504883,WISEA,12.656999588012695,12.163999557495117,11.98799991607666,00142263-2603156,-2.4565444425048835,0.542999267578125,0.6689996719360352,2.097456411987304
3523812003972663680,190.53383537422644,-15.97704585846133,6.676473167105868,224.56966,632.34717,-621.7686389378609,-115.1813301841391,14.975638,15.765028,14.109221,1.6558065,0.0,0.9507828,LP  795-52,PM*,5,17.95599937438965,18.107999801635742,WISEA,13.057999610900879,12.496000289916992,12.333999633789062,12420885-1558355,-3.132361801635742,-0.15200042724609375,0.7239999771118164,1.917638389099121
6011177614079629952,240.48496342982577,-34.367163204361866,46.335656006792014,1187.901,631.96466,551.0387831419351,-309.4116694688462,14.410004,16.46071,13.048198,3.4125128,0.24555704,1.4140332,SCR J1601-3421,PM*,9,15.210000038146973,15.458000183105469,WISEA,15.564000129699707,15.161999702453613,15.154000282287598,16015682-3422192,-1.047996183105468,-0.2480001449584961,0.4099998474121094,-1.1539961296997063
2737085595774967040,335.8422312779283,16.032976902161497,15.479538520330468,118.529076,631.71844,291.7197958640376,-560.3282705428461,17.40957,19.63576,16.044823,3.5909367,0.3471546,1.028936,LSR J2223+1602,PM*,8,16.511999130249023,16.547000885009766,WISEA,15.237000465393066,14.925000190734863,14.795000076293945,22232076+1601477,0.862569114990233,-0.03500175476074219,0.4420003890991211,2.1725695346069323
2942208354752550656,91.7257201497723,-19.446604352552395,7.509225927738657,158.68753,630.71326,167.54649901480795,-608.0521320514023,16.312834,17.317493,15.328363,1.98913,0.09810503,1.0729789,LP  779-22,PM*,6,17.733999252319336,17.094999313354492,WISEA,14.088000297546387,13.600000381469727,13.336000442504883,06065397-1926374,-0.7821653133544935,0.6389999389648438,0.7519998550415039,2.224833702453612
6139840884199722880,191.78078473644905,-42.11529188958872,29.126831537223683,664.61975,630.2722,-505.080801930034,-377.0098605909597,15.326784,17.408575,13.999218,3.409357,0.20690407,1.2382638,WT 349,PM*,4,7.327000141143799,7.4120001792907715,WISEA,11.946000099182129,11.434000015258789,11.12399959564209,12470814-4206488,7.9147838207092285,-0.08500003814697266,0.8220005035400391,3.380783900817871
6893412618771209088,324.380893595374,-10.243112710304016,51.89787824729517,2488.6597,626.3314,207.7230476725852,-590.8825450064991,13.289603,15.071628,12.023049,3.0485783,0.08212952,1.1717372,PM J21375-1014,PM*,8,9.307999610900879,9.076000213623047,WISEA,10.255000114440918,9.72599983215332,9.428000450134277,21373116-1014250,4.213602786376953,0.23199939727783203,0.8269996643066406,3.0346028855590816
1082902134545364608,117.03340072006354,59.13567333356091,7.386491451867061,96.40186,623.12573,-137.34166931157333,-607.8017393170153,12.556095,13.073403,11.853932,1.219471,0.56863976,4.9772787,G 193-67,PM*,8,18.430999755859375,17.05699920654297,WISEA,11.012999534606934,10.479999542236328,10.348999977111816,07480832+5908187,-4.50090420654297,1.3740005493164062,0.6639995574951172,1.5430954653930655
2330871127972876160,355.3768055506099,-28.269762916131032,8.038691077573883,319.67496,622.1369,-66.4313365416316,-618.5799949896955,14.712857,15.640282,13.762727,1.8775549,0.0,1.0117071,G 275-83,PM*,6,18.322999954223633,18.08799934387207,WISEA,12.611000061035156,12.055999755859375,11.852999687194824,23413052-2816009,-3.3751423438720707,0.2350006103515625,0.758000373840332,2.1018569389648434
1984330523468864384,342.9731717577946,47.10451783564365,22.66194361288485,265.98712,621.193,587.9016603691437,200.62996418953944,17.014635,19.63202,15.588127,4.043894,0.62054574,1.0556351,LSPM J2251+4706,PM*,6,17.722999572753906,16.9689998626709,WISEA,14.878000259399414,14.232999801635742,14.133999824523926,22515383+4706011,0.04563513732909996,0.7539997100830078,0.7440004348754883,2.1366347406005843
152395923680024832,65.60584184383994,27.61756164616276,7.816030333449733,167.30963,620.51556,324.9997619665953,-528.5969345382335,15.909747,16.873901,14.9374,1.9365015,0.0,0.9564275,LP  302-14,PM*,8,17.66900062561035,17.44099998474121,WISEA,13.732000350952148,13.189000129699707,12.968000411987305,04222496+2737127,-1.5312529847412115,0.22800064086914062,0.7639999389648438,2.177746649047851
494984883400191104,60.92878268467213,70.47962945617498,15.69647734893996,670.2818,620.30505,110.35395705441314,-610.4099941085667,15.002302,16.489212,13.812789,2.676423,0.07149375,1.0934794,G 221-26,PM*,8,14.810999870300293,14.998000144958496,WISEA,15.505999565124512,15.064000129699707,15.156999588012695,04034620+7028238,0.0043018550415041545,-0.18700027465820312,0.3489999771118164,-0.5036975651245115
41001411371871872,54.09446245503548,13.843571166814266,34.6750667581646,1030.9053,618.9312,200.61056354233293,-585.5179251312597,13.617549,15.193632,12.402447,2.7911854,0.18677777,1.8923221,UCAC4 520-006241,PM*,1,16.92799949645996,16.95199966430664,WISEA,17.0939998626709,16.263999938964844,15.37600040435791,03362324+1350583,-3.3344506643066403,-0.024000167846679688,1.7179994583129883,-3.476450862670898
2563177971913898496,21.385934242442904,4.331250025676069,4.590291067975278,84.652534,618.07996,504.1639710497302,-357.5493812060067,16.225288,17.071657,15.3215685,1.7500887,0.0,0.98700845,LP  527-53,PM*,5,16.94300079345703,17.236000061035156,WISEA,15.119999885559082,14.67300033569336,14.685999870300293,01253261+0420174,-1.0107120610351572,-0.292999267578125,0.43400001525878906,1.105288114440917
4035190738882495744,180.04610093927053,41.09136686803192,7.762013733337004,374.1653,618.0173,231.0374099488912,-573.207713496879,13.92987,14.687827,13.080151,1.6076765,0.0,1.075144,G 122-62B,PM*,7,17.922000885009766,17.246000289916992,WISEA,12.03600025177002,11.465999603271484,11.295999526977539,12001073+4105380,-3.316130289916993,0.6760005950927734,0.7400007247924805,1.8938697482299798
6787965055621489920,319.4624398527553,-29.36982437644889,10.907928642585796,144.64467,616.8148,479.4055096553739,-388.1119510832672,16.688854,18.092299,15.53447,2.557829,0.13999955,1.0340431,LP  929-20,PM*,9,13.826000213623047,13.694000244140625,WISEA,15.461999893188477,15.03600025177002,15.190999984741211,21175260-2921556,2.994853755859374,0.13199996948242188,0.2709999084472656,1.2268541068115226
1676677927242991488,193.4246673051008,63.211022257315946,11.851096261758958,906.074,616.5648,-136.21687166029204,-601.3294768930037,12.862867,13.7232895,11.947096,1.7761936,0.08089822,1.1406873,G 237-81,PM*,9,17.332000732421875,17.22800064086914,WISEA,10.800000190734863,10.190999984741211,10.001999855041504,12534225+6312498,-4.365133640869141,0.10400009155273438,0.7980003356933594,2.0628668092651363
1099288633074163328,104.49096610061352,62.31971987679636,87.03112634346951,1754.9808,614.03784,298.608505647457,-536.5402172695465,12.148522,13.946473,10.676184,3.2702894,0.36611456,1.9316465,G 250-31A,PM*,5,,,,14.880999565124512,10.031999588012695,9.79699993133545,06575706+6219250,,,5.0839996337890625,-2.732477565124512
1946218014475874944,327.4299935746991,32.29829685154442,15.1994562772381,393.40488,613.149,589.6045375258507,168.27995236481132,15.7469015,17.1484,14.55199,2.5964098,0.10039906,1.125418,LP  342-27,PM*,8,17.424999237060547,16.586000442504883,WISEA,13.003999710083008,12.51099967956543,12.270000457763672,21494244+3217511,-0.8390989425048829,0.8389987945556641,0.7339992523193359,2.742901789916992
3000597125173673088,93.93372269692968,-12.791414879076138,25.84519386056712,186.28337,612.7155,450.76836881535297,-415.0038130619959,18.125025,19.234697,16.963272,2.2714252,0.29563504,1.0791788,PM J06157-1247,PM*,6,16.538000106811523,16.590999603271484,WISEA,14.616999626159668,14.128000259399414,13.680000305175781,06154357-1247221,1.5340253967285165,-0.05299949645996094,0.9369993209838867,3.508025373840333
1043936576328923648,133.4920924426308,63.5384781880619,7.821051157509224,488.6361,611.81696,33.74062153330493,-610.8858679603993,13.507724,14.159731,12.728196,1.4315348,0.07278337,1.0318102,G 234-48,PM*,8,17.976999282836914,17.042999267578125,WISEA,11.800000190734863,11.218999862670898,11.062999725341797,08535800+6332283,-3.5352752675781254,0.9340000152587891,0.7370004653930664,1.7077238092651363
5036892389232663936,23.67249263002629,-26.08482950140701,36.311508827582855,705.1082,611.0246,116.34890108042076,-599.8450022250701,14.85223,16.886465,13.525424,3.361041,0.3684161,1.6230145,LP  827-294,PM*,9,10.656999588012695,10.41100025177002,WISEA,11.538999557495117,11.08899974822998,10.769000053405762,01344126-2604557,4.441229748229981,0.24599933624267578,0.7699995040893555,3.3132304425048833
129722035407431424,41.04884229247141,30.186641927550863,4.562948295745162,35.665516,610.7837,446.4021424182277,-416.8715000869297,17.602924,18.663666,16.586357,2.0773087,0.0,0.9736129,2MASS J02441116+3011190,PM*,0,17.950000762939453,17.034000396728516,WISEA,15.10099983215332,14.727999687194824,14.395000457763672,02441116+3011190,0.568923603271486,0.9160003662109375,0.7059993743896484,2.5019241678466813
1144476812925666944,135.00024446367738,81.15240685558875,7.053252383553132,138.22386,608.1629,-323.6025185543256,-514.9209149979085,16.922075,17.993332,15.913449,2.0798826,0.1060105,1.016445,LP    5-180,PM*,9,18.788000106811523,18.700000762939453,WISEA,14.579000473022461,14.204000473022461,13.932000160217285,09000240+8109174,-1.7779257629394536,0.08799934387207031,0.6470003128051758,2.3430745269775386
6816824246552965248,328.0281714940666,-22.56861557995773,4.897779282517499,74.36296,604.92413,259.6384196931822,-546.3708099423437,16.687622,17.626097,15.729557,1.8965397,0.0,0.9741487,LP  874-35,PM*,5,17.035999298095703,16.635000228881836,WISEA,14.515000343322754,14.038999557495117,13.739999771118164,21520642-2233573,0.05262177111816513,0.4009990692138672,0.7750005722045898,2.172621656677247
1508382451248706432,215.35263117303143,49.86722962810222,7.310821641815648,294.15338,604.25977,-601.2079459538646,-60.65398996261021,15.262007,16.25734,14.267564,1.9897757,0.10709273,1.179788,LSPM J1421+4952,PM*,6,17.676000595092773,18.277000427246094,WISEA,13.015000343322754,12.468000411987305,12.29800033569336,14212566+4952029,-3.014993427246093,-0.6009998321533203,0.7170000076293945,2.2470066566772466
2649199191825965056,344.24197538811666,-1.7212792199287004,28.482169110431336,769.1684,602.7468,-516.853934002599,-310.1060381471472,15.188039,17.065311,13.906825,3.1584864,0.09890545,1.0465605,LP  641-39,PM*,8,15.996000289916992,15.793000221252441,WISEA,12.072999954223633,11.557999610900879,11.215999603271484,22565866-0143112,-0.6049612212524416,0.20300006866455078,0.8570003509521484,3.115039045776367
2004247214551243776,333.52527720740835,52.19119081748598,25.09020668718305,358.8158,600.25665,393.6114386399584,-453.186623977873,16.54506,18.868547,15.161794,3.7067537,0.5623532,0.98397464,LSPM J2214+5211,PM*,7,16.871999740600586,17.74799919128418,WISEA,16.395000457763672,15.8149995803833,15.526000022888184,22140628+5211098,-1.2029391912841803,-0.8759994506835938,0.8690004348754883,0.15005954223632756
2562434732118813056,25.33343270057046,6.352468270819075,8.782167883437527,188.58292,600.01056,189.6665335684033,-569.2444866084302,15.561116,16.405424,14.662376,1.7430477,0.05154267,1.0787351,LP  528-81,PM*,6,17.64299964904785,16.864999771118164,WISEA,13.571999549865723,13.076000213623047,12.972000122070312,01411983+0621175,-1.303883771118164,0.7779998779296875,0.5999994277954102,1.9891164501342775
400872838454711424,18.051303426186035,45.940047377772096,6.810697358197392,159.93706,599.4061,-233.6427298905149,-551.995286560817,15.861614,16.869736,14.866707,2.0030289,0.0,0.9693355,LP  151-17,PM*,9,17.18600082397461,17.93199920654297,WISEA,15.399999618530273,15.982999801635742,14.880000114440918,01121177+4556336,-2.0703852065429693,-0.7459983825683594,0.5199995040893555,0.461614381469726
2380947457346805504,353.1897323249798,-24.639675666116226,8.645664668629665,197.29814,599.40027,289.3075046729559,-524.9588968979014,15.956709,17.20853,14.863518,2.3450127,0.0,1.0591902,LP  878-2,PM*,6,18.367000579833984,17.368999481201172,WISEA,13.465999603271484,12.885000228881836,12.640000343322754,23324517-2438141,-1.4122904812011718,0.9980010986328125,0.8259992599487305,2.4907093967285157
2451036066578000384,23.265660284486223,-16.37184513909908,4.352563995629289,96.32745,593.81055,478.88608033015646,-351.11124163333307,15.90079,16.660797,15.020346,1.6404514,0.0,0.9861311,LP  768-79,PM*,6,18.538999557495117,16.964000701904297,WISEA,14.003999710083008,13.418000221252441,13.23900032043457,01330326-1622132,-1.0632107019042962,1.5749988555908203,0.7649993896484375,1.8967902899169928
518418293689809280,28.58999787326156,65.69745999445331,8.288447171425958,319.7557,593.27545,582.6879239333211,-111.5818881799764,15.279809,16.169184,14.351945,1.8172388,0.0,1.0064744,G 244-41,PM*,6,15.833999633789062,16.023000717163086,WISEA,17.034000396728516,15.984000205993652,15.64799976348877,01542209+6541313,-0.7431917171630857,-0.18900108337402344,1.386000633239746,-1.7541913967285154
1543076475509704192,192.0419440449957,47.223114024117486,29.56540602301888,276.6256,593.1856,198.60609389814863,-558.949744045889,12.996362,13.9290695,11.262168,2.6669016,0.67933214,1.825836,G 123-61C,PM*,0,16.184999465942383,16.018999099731445,WISEA,9.607000350952148,9.026000022888184,8.772000312805176,12480977+4713316,-3.022637099731446,0.1660003662109375,0.8350000381469727,3.389361649047851
6890201563781799168,315.8488592195484,-10.542505987364455,33.28223904576595,1756.2823,593.03394,303.0143986892837,-509.7759426411342,13.822774,15.490648,12.584503,2.906145,0.040095694,1.0871494,LP  756-35,PM*,8,16.924999237060547,16.482999801635742,WISEA,10.831999778747559,10.300000190734863,10.065999984741211,21032336-1032242,-2.6602258016357414,0.4419994354248047,0.7659997940063477,2.990774221252442
518418293689809536,28.58920296133392,65.6961316137968,8.254303397133858,285.3838,592.9733,582.5473108434395,-110.70692493634344,15.535895,16.443676,14.593519,1.8501568,0.0,0.9858956,G 244-41,PM*,6,17.357999801635742,17.878999710083008,WISEA,17.034000396728516,15.984000205993652,15.64799976348877,01542209+6541313,-2.343104710083008,-0.5209999084472656,1.386000633239746,-1.4981053967285156
5159401108670161792,44.64823918156056,-12.338428975610563,23.615720080148304,148.73668,592.63696,592.6298879448731,2.8913358856420586,17.79448,20.746815,16.303186,4.4436283,0.7218441,0.8467738,TYC 5290-297-1,PM*,0,17.79599952697754,17.770999908447266,WISEA,14.359999656677246,13.744999885559082,13.487000465393066,02583667-1220273,0.02348009155273445,0.024999618530273438,0.8729991912841797,3.434480343322754
320430403100626944,20.988876018164053,35.17071397879067,8.54199048985308,312.3176,592.58844,591.350120334803,-38.289349979905325,14.877064,15.760725,13.9478,1.8129253,0.048270416,1.0820253,G 133-7,PM*,6,17.99799919128418,17.740999221801758,WISEA,16.4950008392334,14.605999946594238,14.458999633789062,01235671+3510107,-2.863935221801757,0.2569999694824219,2.036001205444336,-1.6179368392333977
2668447685149584128,329.4702865656484,-6.447876768179408,8.9631785959723,109.83954,592.10077,567.9999847531739,-167.21041397083988,16.951925,18.132809,15.871559,2.2612495,0.0,1.0227492,LP  699-10,PM*,6,17.714000701904297,17.690000534057617,WISEA,14.531999588012695,14.03600025177002,13.791000366210938,21575221-0626493,-0.7380755340576179,0.024000167846679688,0.7409992218017578,2.419925411987304
568953600443925760,30.49412208528394,81.17202501444535,18.713118220090493,578.3154,590.57214,588.2531123205409,-52.28533418250067,15.865975,17.642147,14.595004,3.047143,0.0,0.99740475,LP   13-332,PM*,9,15.996000289916992,15.95300006866455,WISEA,16.701000213623047,15.961000442504883,15.628000259399414,02014941+8110394,-0.08702506866455018,0.043000221252441406,1.0729999542236328,-0.8350252136230463
2382320781730066048,351.6668695773887,-22.72373607844842,9.272930021957992,655.94147,587.3502,69.13371518576727,-583.2673797962069,13.391884,14.138348,12.55191,1.5864372,0.0,1.013054,G 275-46,PM*,8,17.98900032043457,17.847000122070312,WISEA,11.493000030517578,10.928999900817871,10.746000289916992,23263996-2243152,-4.455116122070313,0.1420001983642578,0.7469997406005859,1.898883969482421
2380152677943597184,351.5474912229934,-27.246800857528587,8.018740179213898,18.449049,585.5803,576.9616199957,-100.0980309626002,19.74416,20.095346,19.21625,0.879097,0.0,0.94415516,Gaia DR3 2380152407360674432,PM*,2,17.920000076293945,17.636999130249023,WISEA,,,,,2.1071608697509774,0.2830009460449219,,
6590519052472909568,323.9133289914918,-34.81314750407461,15.359472568599143,656.20294,584.8955,569.5570617974079,-133.0694698299421,13.698227,14.88984,12.611895,2.2779455,0.06266255,1.2595025,PM J21356-3448,PM*,5,17.450000762939453,17.18600082397461,WISEA,11.201000213623047,10.666999816894531,10.440999984741211,21353847-3448453,-3.48777382397461,0.26399993896484375,0.7600002288818359,2.4972267863769524
2795626755934348544,7.229910281482474,18.64587561692453,7.138055674907532,94.483246,584.7812,552.3858459673994,-191.93471358025656,16.9994,18.145681,15.9307785,2.2149029,0.0,0.97325945,LP  405-19,PM*,7,18.042999267578125,18.299999237060547,WISEA,14.53600025177002,14.074999809265137,13.821999549865723,00285447+1838486,-1.3005992370605455,-0.2569999694824219,0.7140007019042969,2.463399748229982
318900982426755840,24.46354801566608,36.13642951856741,12.20926810919497,221.31335,583.24524,564.9134717588004,-145.07853488036335,16.395794,18.006496,15.174247,2.8322496,0.0,1.0242941,LP  243-37,PM*,9,17.812000274658203,17.60099983215332,WISEA,13.555999755859375,13.074000358581543,12.845999717712402,01375045+3608137,-1.2052058321533217,0.2110004425048828,0.7100000381469727,2.8397942441406236
2174326712570073472,325.00802858171687,54.13975566022994,34.077262035478334,2405.3801,582.5411,473.4486996143279,339.41191111517577,12.10534,13.269586,10.896795,2.3727903,0.12459617,1.1733286,Ross  200B,PM*,2,13.538000106811523,13.593000411987305,WISEA,14.246999740600586,13.564000129699707,13.253000259399414,21400231+5408134,-1.4876604119873047,-0.05500030517578125,0.9939994812011719,-2.141659740600586
2404122654199741952,341.5500114710952,-17.030441828743378,24.63317917571367,853.0205,582.0703,566.2947078801022,-134.5962703988544,14.782014,16.438725,13.550768,2.8879566,0.0643151,1.0675668,LP  821-2,PM*,9,17.288999557495117,17.68199920654297,WISEA,13.930000305175781,13.572999954223633,13.529000282287598,22461313-1701435,-2.8999852065429685,-0.39299964904785156,0.4010000228881836,0.852013694824219
557011735935864576,87.53402092182577,81.51059308587669,20.00700954541986,420.45963,581.93176,327.9655174288537,-480.711117146754,16.32798,18.30133,15.016647,3.2846832,0.13051572,1.0094633,LSR J0550+8130,PM*,8,18.128000259399414,17.989999771118164,WISEA,13.201000213623047,12.682999610900879,12.430000305175781,05500579+8130457,-1.662019771118164,0.13800048828125,0.7709999084472656,3.1269797863769533
