source_id,ra,dec,parallax,ruwe,phot_g_mean_mag,pmra,pmdec
141545595042005376,42.58725310321632,37.48368381358235,13.253293758246071,12.165733,11.572197,175.42229551512253,-83.97684426674778
197819630945098880,89.20170100015491,46.64273565379554,7.740636591099316,20.525187,8.8188505,-22.93853867510814,-11.299298244916184
215942885401270528,88.19059500532184,52.92751784775748,3.900918276439129,10.012697,12.249026,-21.83644497943172,-48.05481839933282
224869030034826880,56.83675921070999,40.42479518436976,12.930066382857053,11.380975,13.1261215,-21.431137159505305,-49.85037510500064
250910103946201216,60.01111198884288,51.57086949385011,3.895021228561484,11.3220415,12.682572,11.863979109593718,-36.81490535346892
258775391656136576,67.33137335422063,49.91508966978731,7.508112339452128,14.3045,12.759339,26.289858036320247,-39.18195459128682
262120101730772864,81.01195155282664,51.46246369961106,3.712859245463189,10.667733,13.150161,16.002654555812477,-13.140509885037744
265150119553871488,86.4369490328515,54.43221892588305,9.906811277164488,13.861958,13.005315,25.65938278338416,-96.38788222889134
270871187792446976,66.60564681679475,50.55862203390074,10.881513543138466,12.148824,14.554605,-9.169108175633337,-51.49171870707522
276135821266566272,60.91051544582396,53.78512962483658,5.36920704128567,14.301396,9.754488,37.30634101196569,-21.13358624364398
276164988384459264,61.50066347771557,54.1391453991809,6.413997682100734,17.977432,12.2274685,3.600068025975573,5.715597968983023
276447601532081152,64.69838134419255,54.95547426351969,7.94044397939324,11.416297,13.12297,74.571644404267,-70.70229494545977
283809725230077568,74.10812463915784,58.184798596579554,4.7322972345966745,13.527677,13.143066,23.64842853690115,-17.186079467410856
285513074899680256,76.9160062536012,61.2741921990254,4.185979500891843,11.294189,11.847351,15.082427187490977,-25.492208027510067
334227590403093760,40.36943146027856,39.03130950391527,4.293302609096565,11.301304,9.862931,28.15713872866816,-13.632433959082489
341180077303809536,37.508068645626366,44.04999663734123,6.931626998021273,13.966523,14.285754,-9.888325470935795,3.268097432801509
354674624030118400,34.28273290391964,47.06183117589316,4.507548626888638,11.844575,13.06922,-11.596920039798256,25.15631198541795
391686311427787648,8.188333532963377,50.08336015152789,11.94412732051964,16.994648,10.191983,76.8792743714708,-44.58139889142553
402203247524757888,15.258798106795156,48.492778619431554,6.300393238714155,10.942101,9.626309,-11.1625077355764,-12.619519353892136
407949050480041856,25.538499243680995,52.80823806798135,7.071469460396196,13.9984045,13.011028,-12.76293910394554,7.849106731078569
411467973022244736,15.600573609214624,55.188240362546765,6.626545245705039,10.40773,14.807542,-27.409368214210765,-74.30441708355345
414752592208162944,10.194989659333997,50.3900088223203,8.151385037431407,19.856611,12.161148,44.51719920746351,-32.92737779047156
417954095196788480,9.545325243138066,54.60308777796087,8.710145554563718,19.196327,14.484992,3.0951003675871864,-3.72266281451752
418731583051163136,9.906844125516804,56.40201017422017,8.306697301307858,14.949399,11.831938,81.7190961723266,-24.206850971877827
425198090116237568,12.030151240299253,58.7639990390477,6.879245347583614,10.973482,12.784178,48.37456272649595,-28.946795747101564
427934529739779712,6.488697304113957,58.1050877532567,7.826024780639501,13.282806,13.090959,-31.391506652604328,-38.95928841854121
430724235562514688,8.640295125101371,62.9042422550289,17.618476345054397,13.749121,10.103921,-22.80430183999652,-68.38341121050291
432151710889532416,0.7737496718575099,65.08879868862361,5.319793758640912,17.111391,11.97893,-19.63722683988092,0.8109120173120274
438161980745678464,41.68810523886023,48.056007919429966,7.454313909851555,13.172029,11.730604,-4.82137350751648,-83.45929189887786
444143225214062080,56.38051343085924,53.93736620499315,12.817465452765608,28.170118,13.659819,107.09409556205354,-52.823188310477214
453388709255534336,43.80482375922254,54.1335088041352,5.7363484175731845,10.521782,13.252385,64.44346093986951,-12.706883280930777
457211986066951936,36.58698990313347,55.2692219498876,18.723966741172216,10.190774,12.797943,66.12966495056693,-27.360658988089625
463222191498727936,47.77419629597394,61.126812497701096,11.96150130342333,12.859402,8.762108,32.74843988112509,-46.3814065520108
479435418163646976,75.36698164489646,65.02702372859912,7.50674687880635,20.629423,12.524955,3.083036293508449,-87.06174955731034
480154395684650752,82.74386267398685,65.85128620831023,6.163220971821315,10.065931,13.539388,-6.364971063305083,-19.64523344616222
483056109952604288,70.60634370565565,65.64370200189848,14.114748983609848,22.205841,14.149326,32.49132107113879,-84.23201929682737
492535171494526848,46.85849216595452,67.23347884075702,4.52336731432262,16.738811,12.610989,-8.66745496532026,-2.66793563537232
496075736373101952,73.90649286274343,68.99452395143172,4.886485705034064,11.807296,14.525525,-13.546208656163024,-7.856397583798065
503944700573352192,82.29622985238214,76.33707312931894,16.186650913668334,11.60509,14.479591,10.978522585501777,-98.007650002724
508746302222933504,29.670709363258844,62.35017764415053,6.30262249001939,10.948998,13.589212,33.115689040878806,-68.08681145731389
510352035874765952,19.992548947025927,60.22889503449471,6.15182615754451,10.250991,8.022924,67.38569369342802,-61.70113094733732
512668260195992576,20.21405538021705,63.61045189112515,8.267898571703665,12.267822,10.491313,38.06394393736969,-53.52205810154403
518705403661191680,31.84624020711866,66.5880663424285,8.746781487017133,29.977106,10.750199,87.82750172151702,27.98666803268895
520540144969274880,30.310938639749303,67.90074327648016,13.77795674202938,24.23793,13.365635,164.07084373981093,-29.829961217297896
526365632454242304,16.60038925399242,66.71012447951942,7.470869107999055,11.246978,14.657933,19.925927843198156,-2.9982009782460985
526698647040053504,13.701867277952616,67.9655268550615,5.449421866207156,17.17755,14.074309,24.462158419831592,-1.45754177064379
526840690197536896,14.231241882342088,68.77551030560892,16.974971947105963,10.168792,6.300178,123.99638146917816,-28.716865888071727
528231675479502336,4.966385132644451,66.42295735387161,5.22558093106973,12.172275,12.464347,24.54606413264989,2.1639841682642835
534376777250964608,26.243864267799605,72.21460388073966,2.906290372330252,11.573253,14.138082,16.52205643709237,-27.31642656730076
536524913735358336,12.873067823024863,71.53201372229844,17.66023960740762,18.662323,13.184018,-79.39576181362911,10.6593858757261
539382029057972096,5.435091394934532,74.41314415718297,6.040647022998988,20.163435,13.788988,4.810646852104156,15.4236749841529
542333942900585216,45.80672620395728,70.67715724195497,3.6871605837185766,10.908383,13.388855,-10.059567713695127,-6.613955108046676
549307561039156608,45.51309628606098,77.03692537833676,3.906104869605159,13.454513,14.050262,1.732679609602317,-3.2802030589502733
552870352373162624,72.24855939736734,77.4584269472609,5.131586838004328,10.417388,11.92857,29.934892691405828,-44.334801829212886
562110240072547328,25.9118570215404,77.68051475207761,8.110372375739571,18.685469,9.136039,25.262835678162038,52.46931663415189
563321553993707904,10.649917875014856,76.80162919747991,6.002364047789985,13.662008,13.529944,19.52345501034485,-16.592167102133544
564147222802572160,7.596190979596321,77.28770183579313,6.551293148759948,16.092405,14.4990425,2.5047451505730205,-39.42994981883548
564715395436546304,7.696781803702096,78.89057518280123,5.543440223136029,15.181756,14.036416,45.70220300717082,41.65770124019495
565557209025784192,15.167818366894716,79.56862766610031,7.533111461320552,13.001917,14.192326,33.07730137812556,-15.928181803138566
569534142583228800,39.71130866350899,82.82422170572501,4.709067045435416,22.54346,12.164901,-19.135159170925693,4.857611066585023
574532419363538688,41.47020362730937,85.47850732577896,6.662211220447965,10.320524,13.781402,21.509249467576367,-32.682932162249244
574704973969358464,41.55688764393624,86.15612527410192,6.131902704148945,19.642788,13.822223,-12.866684974401776,-0.7714342140621402
803872677855501440,151.94999159013472,41.48207124084867,8.176060387625798,15.807121,11.093053,-44.65459052415505,-12.314296061262851
812247967159911936,139.71762432727215,39.56364662311282,6.740923678199741,12.015918,12.111925,-14.617631866251706,63.30003294817438
820994719598681856,145.88359114279143,44.75581293309553,15.001087955267472,24.264065,14.675833,-77.68781714689679,-82.31710568936023
836017312607689728,163.98526032165654,50.18928297202135,10.74427071174738,10.34437,13.8312645,-64.77761444961672,-0.1717282369447221
836880463594527104,160.36405220183877,51.211090560505134,5.946461046165347,10.754146,14.959872,27.505756591429687,-52.2151449334839
851321792911891584,153.67025548070595,52.12618466362205,15.515639005738189,13.610061,13.349039,20.557130921446465,44.48623405692255
852773418843119616,152.99662455870725,55.03897230838929,6.7574579033754105,14.583429,12.156596,6.191872472279542,-18.92745589876885
853812461625838464,157.13596895921805,56.04170304493192,5.522587459813986,12.579637,14.728393,-41.15445063788881,-31.66478754434284
858149141645050496,173.93336060957586,58.66483284690558,4.342928244727268,11.062148,12.926593,-7.203737056304076,-17.212045694408168
860134683550162944,178.7027152702818,62.85594551651784,3.5961910014033505,10.517828,12.241058,-60.53588718232608,-12.352418197011785
862235373531293824,166.32885230875257,61.82168265116714,5.070386306064306,10.245624,9.776839,-74.94469909911935,-29.032319336673957
863532659812162944,179.14464545842682,64.35178763190014,10.743983078204495,13.341866,14.372668,-41.772426237065886,-40.492981355294205
910836428882055552,130.66652752075854,39.76795758239051,5.468191386322161,11.686811,10.100657,-7.529808208604075,-10.400000096267467
911274348043131392,127.24019096432728,39.35363719281502,12.939795193349145,15.53042,12.762805,15.783758733252688,-22.56914269541624
928844681294031104,124.43704707856608,46.17957063769448,3.688720044511347,12.530068,13.672672,5.2970092215685245,0.3337518285561104
929412269812420096,121.32112179158425,46.303255731142826,16.382690082066247,15.89686,11.314541,3.4969095114629467,-10.916207243050302
931487632370602752,122.66680869477804,48.21986465457567,6.551745208609579,14.758389,12.668072,-15.832375081401072,-32.09415819178492
931640292687184384,123.10226892468908,49.09876405129189,13.34131270248753,12.07785,14.88014,-36.14081402599749,-93.41921032244176
933776197103349632,116.26680895533792,48.39472831246726,14.717969088646358,18.65252,7.585591,-71.73410720658194,40.10910789666774
935430721585996800,121.3311059924016,51.16296582780839,22.712314251227337,46.03793,12.751554,-33.39348323814031,-80.80152316122492
965367880589261440,97.35174536054384,45.82235018923564,13.71165548612486,14.6189575,11.124584,86.395061437789,-64.40358063538481
988065477078778880,107.527865660964,54.96398740643238,5.018435693500602,11.631291,12.533244,9.48727603578438,-64.16576453743676
988371514971671808,106.49943433481992,56.15504401887483,11.888960576792815,24.565725,12.453858,33.12184753600925,-132.81808508771067
988442983227718528,107.59323378868972,56.58770118188185,4.477378392852716,12.562576,10.055165,-4.444696263306632,1.6074839836930794
990629606913592448,108.07239973444564,59.26311290205985,25.689422414881232,30.073357,10.269704,82.27944527236069,-296.68364463437126
990735537987030144,108.33157347565982,59.69792702900696,3.8358928451446936,11.329181,13.797847,-23.85809565146631,-56.28237009808427
991883153249450496,101.40590049694774,52.10699573547642,5.560054834670896,10.261204,8.894771,7.401171579932692,-2.803518622579415
993984251251254528,101.32877909979996,54.46145620172298,9.113724905684036,31.244516,11.970398,-4.928755943320395,-58.90512385305435
994221677042885376,100.59753504073689,53.68711851442828,12.82544653076386,26.178421,14.042811,1.8500035495515208,-38.156373922574346
995578027714106112,95.20801927486453,52.14825870546366,10.873795505021484,11.607375,7.3929386,-24.304572280077227,-12.297482981144158
995778551147298176,94.628336057447,53.6579715012906,5.031020866010901,12.00528,9.057558,-1.8514474434314476,-24.07468393739949
998486339048759936,94.34687737230732,57.41440561107899,15.296228694735246,20.668879,7.0319767,-46.52376572896423,-67.71701166019844
1024962957002645120,141.8996928954391,56.13340761321553,4.93903144746334,13.108818,12.671981,5.909367258418158,13.354660799047355
1041767755283598720,127.29377141147776,60.19416272329782,5.559010125945692,11.785166,11.986053,-12.440089208205652,-72.28815463197924
1049972826444755712,149.78607302994507,59.403298677424885,12.423456518257732,41.20811,11.126435,-127.68746565721744,-13.433639924222728
1058975009178214016,165.7468037687965,65.83710421554864,13.148473369479529,10.019613,14.006093,-20.574127906257196,-13.749768030126065
1060134409829731328,163.83383182979668,67.36872003392398,9.37201831826396,12.38987,11.905116,-49.9345525219961,14.83903288098342
1066729658529962624,149.2160506560253,67.13278169351946,6.340122663304843,14.350969,14.642851,14.803085275160942,11.91305971224815
