source_id,ra,dec,parallax,parallax_error,pm,pmra,pmdec,phot_g_mean_mag,phot_bp_mean_mag,phot_rp_mean_mag,bp_rp,g_rp,ruwe,l,b,w1mag,w2mag,allwise_id,wise_cc_flags,jmag,hmag,kmag,twomass_id,G-W2,J-K,dist_pc,abs_g
6473285343147923072,302.8673726463968,-53.363328161354055,7.485031267028066,1.3704497,224.4239,-5.963848489349928,-224.3446467699508,20.844526,20.948862,20.1039,0.84496117,0.7406254,1.072598,345.00923678309465,-33.20320061980726,15.462,15.411,J201128.81-532152.0,0000,16.121999740600586,15.593000411987305,15.597000122070312,20112940-5321315,5.433525748229979,0.5249996185302734,133.59997631607092,15.215494094249992
4707605252467583616,3.239368709988192,-66.61486258371981,5.7672106903718365,1.1171114,223.47148,196.79751347987795,-105.8784371923556,20.817848,20.910172,19.302458,1.6077137,1.5153904,1.1363379,308.86324924657384,-50.06789970166162,17.408,17.084,J001301.99-663652.5,0000,15.30799961090088,14.92099952697754,14.83199977874756,00125952-6637062,3.733848366210939,0.4759998321533203,173.3940467390009,14.622677087724218
4987326989167298560,14.981663301382232,-40.58314422034604,6.816428136008909,1.0855538,215.33118,211.4557744288151,-40.66901445865007,20.748402,21.569685,19.26558,2.3041058,1.4828224,1.0866789,296.0471261002004,-76.43142197214893,16.292,16.133,J005956.30-403508.7,0000,,,,,4.615402579833983,,146.70440002401472,14.91618630203467
6402746586984583296,327.02166864837886,-63.79284670989987,7.0153511920211855,1.0553547,221.1807,216.96582806069875,-42.97358687483631,20.69915,21.438103,19.237886,2.2002163,1.4612637,1.1228186,328.63404261028586,-43.07335561144501,15.528,15.299,J214805.03-634734.1,0000,,,,,5.400150213623046,,142.54453877338835,14.929397084547617
1083836788147411072,125.17436566028154,60.195468541135504,6.070195166170756,0.79674906,222.8018,-64.93326194450788,-213.1298014106141,20.674444,21.661882,19.229805,2.4320774,1.4446392,0.983417,156.75739118125642,34.30737308139943,15.573,15.73,J082039.22+601140.8,0000,16.281999588012695,15.619999885559082,15.74899959564209,08203916+6011406,4.944444457763673,0.5329999923706055,164.7393490036379,14.59045727269789
5121760221446118272,29.78358179628336,-25.40945265141214,4.414969289068456,0.8719446,207.26534,192.1642330803926,-77.66483247599356,20.64215,21.493805,19.194601,2.2992039,1.4475498,1.0910945,210.2849146532545,-74.73846976366364,13.741,13.501,J015906.43-252437.9,0000,14.644000053405762,14.093000411987305,13.835000038146973,01590643-2524375,7.141149595642091,0.8090000152587891,226.50214181014078,13.866788434659114
6481421523035063040,314.76085716475694,-48.366206314309856,7.4838707198898735,1.1035892,224.56854,68.19497347807362,-213.96372005221787,20.638966,21.865238,19.117407,2.7478313,1.5215588,1.0952657,351.08686560283184,-40.78872744972013,16.922,16.902,J205900.62-482141.1,0000,17.400999069213867,16.118999481201172,15.64799976348877,20590396-4821570,3.736965572753906,1.7529993057250977,133.6206940804444,15.009597383367955
5028717795157123456,19.69961031061249,-30.98691608771422,7.522979645167814,1.1023778,222.81187,222.71454771415088,6.584747940071993,20.635736,21.298649,19.998432,1.3002167,0.6373043,1.1568675,247.39570912257253,-82.8863654811746,15.487,15.371,J011848.48-305925.3,0000,16.516000747680664,15.875,15.538000106811523,01184940-3059139,5.264735710083009,0.9780006408691406,132.92605419214757,15.017685433778075
1020089715309102720,145.28469809036255,51.69185986231308,5.049958492552388,0.8588102,204.65312,-152.2815006361884,-136.7232306398854,20.626665,21.288815,19.3708,1.9180145,1.2558651,1.1872382,164.96098672781292,46.88587362439685,17.626,16.858,J094108.41+514102.5,0000,15.81999969482422,15.515000343322754,15.41100025177002,09410572+5141470,3.768665198364257,0.4089994430541992,198.02142957705232,14.143104042544259
6400343913559585792,324.69196100702226,-66.71843078957733,4.798917931298192,0.7132308,221.24837,163.3086711493069,-149.268616517456,20.607822,20.919792,19.344828,1.5749645,1.2629948,0.93963915,325.8278952883832,-40.80358341354477,16.994,16.543,J213850.49-664251.9,0000,16.802000045776367,16.099000930786133,15.80500030517578,21384677-6643162,4.064822732421874,0.996999740600586,208.38030871044347,14.013538614541147
4917488450112344832,24.95005490669904,-50.04212095458263,4.112520277771902,0.75413424,204.35611,-49.16974623096563,-198.3526061071692,20.597208,21.694637,19.296333,2.398304,1.3008747,1.0391357,284.16267821218054,-65.28687028369836,17.299,17.27,J013945.59-500246.5,0000,,,,,3.3272075422363265,,243.1598952605734,13.667748261784354
3869953245241716352,158.99471033178116,9.664497355152774,6.7508558174187865,1.3068467,211.7353,-184.59293172591163,-103.71736547820488,20.578226,22.00495,19.2891,2.715849,1.2891254,1.0021352,235.102321925502,53.616805660580994,16.652,16.445,J103600.17+093937.5,0000,,,,,4.133226305175782,,148.12936715664497,14.725020162838424
4708448990202073472,7.916419208436984,-64.35553057685607,3.435005972934156,0.6316542,220.77274,192.43886805096275,-108.20296897755756,20.5728,21.424778,19.451918,1.9728603,1.120882,1.0623004,306.4549445414885,-52.63725904420065,17.167,16.575,J003138.33-642110.2,0000,16.381999969482422,15.996999740600586,15.836999893188477,00314010-6420516,3.997799237060548,0.5450000762939453,291.1203089250548,13.252437482829505
1711542959923056000,210.57529999338533,73.75968062676736,3.597659875976454,0.6105639,235.5979,-219.07474079121448,-86.67543912102212,20.563559,21.43842,19.479921,1.958498,1.0836372,0.96699303,116.30950284888186,42.445248802156776,17.026,16.933,J140217.84+734518.6,0000,,,,,3.630558435424806,,277.95846035294994,13.343659512989806
6451143098815206912,313.50809295625595,-62.42741882817096,5.669788158056111,0.90075064,214.07185,160.60878889625516,-141.53294827243977,20.55757,21.142391,19.092556,2.0498352,1.4650135,1.0920022,333.2372626951072,-37.89353261995088,15.543,15.669,J205358.17-622540.9,0000,16.023000717163086,15.684000015258787,15.489999771118164,20535824-6225418,4.888570328063963,0.5330009460449219,176.37343267915858,14.325404162625034
4875163437196227840,76.04241368527595,-32.349896442496615,2.678612398264506,0.5350819,212.9477,203.1420314732873,-63.87515409890518,20.5162,21.08668,19.52233,1.5643501,0.9938698,1.0131948,234.789640496908,-35.67505265637342,17.963,17.393,J050409.11-322052.0,0000,,,,,3.1232003509521498,,373.32762315589514,12.655749373428444
4790837561134237312,67.58535830886353,-45.28224116110568,3.359409842097932,0.5677259,231.37541,66.30313575583861,-221.6719927206261,20.515047,21.496344,19.286999,2.2093449,1.2280483,1.0931228,250.82865599487343,-43.28614518597749,16.731,16.418,J043020.47-451654.6,0000,15.57800006866455,15.095999717712402,14.86400032043457,04302111-4517099,4.097047732421874,0.7139997482299805,297.67133127630115,13.146361951187743
2471298382250296320,20.59138930247622,-9.062775140450505,6.095869166429017,0.8547486,233.84229,232.4162977841404,25.785184001433585,20.510948,22.041138,18.984512,3.0566254,1.5264359,1.1310066,146.4006890750183,-70.51217183524254,17.165,16.776,J012223.13-090327.7,0000,16.507999420166016,16.174999237060547,15.137999534606934,01222166-0903465,3.734948930786132,1.369999885559082,164.0455155283137,14.436126186582523
3979080427133597184,175.28064704916213,20.3282996773152,7.818545806209439,1.1105931,245.7981,-7.213749279763287,-245.69222240798803,20.509361,21.700508,18.996346,2.7041626,1.5130157,1.0705016,232.09812011046927,72.55280993810942,17.073,17.063,J114106.62+202005.8,0000,17.018999099731445,16.048999786376953,15.319000244140623,11410738+2019464,3.446361274658201,1.6999988555908203,127.90102210641349,14.974990924463583
759888428875227264,173.63314219019745,36.389109504820425,6.014054496039089,0.84975,225.15141,-213.2741755779072,-72.16150487474707,20.502634,20.74374,19.584532,1.1592083,0.91810226,1.0962255,178.5477377490306,71.26355722970443,17.036,16.916,J113433.40+362319.0,0000,,,,,3.586633633789063,,166.27717634727273,14.398470795594886
6815573861313175168,321.8182545241766,-24.094256838950187,7.596586748262156,1.0708153,219.58195,194.12007022850432,-102.63348125688098,20.502207,21.65034,19.024567,2.6257725,1.4776402,1.0629624,24.78640122095516,-44.18568642654895,15.065,14.73,J212716.29-240538.7,0000,16.19099998474121,15.510000228881836,15.104999542236328,21271615-2405376,5.77220745776367,1.0860004425048828,131.638067613559,14.90529950787312
1236052147104480640,218.1866966641968,18.30123806061446,5.009003550891201,0.9127409,235.91852,-104.75266269645768,-211.3869070151981,20.499855,21.608362,19.088789,2.5195732,1.411066,1.0750268,17.53623212541868,65.0854456752032,16.252,15.902,J143244.85+181805.4,0000,15.989999771118164,15.439000129699709,15.314000129699709,14324382+1817386,4.597854572753906,0.675999641418457,199.6405053100991,13.998611697808629
1567438354646899712,193.2493882410207,49.61835284722604,4.542777583934526,0.6480481,232.1223,-209.90886143967103,-99.0910416086902,20.49543,21.324883,19.11235,2.212532,1.3830795,1.0355622,122.27158333735731,67.50789743016566,17.218,17.082,J125301.29+493640.4,0000,,,,,3.413429267578124,,220.12964128741126,13.782037370585869
752088188444504704,160.06667198863855,38.261763567873366,6.836223070840272,0.926865,213.78659,-117.78123697992496,-178.41605797018397,20.491514,21.37976,18.92939,2.4503708,1.5621243,1.1001188,182.4663112421804,60.43701074276458,15.251,14.984,J104016.05+381543.3,0000,16.37700080871582,15.637999534606934,15.708999633789062,10401619+3815449,5.507513794006346,0.6680011749267578,146.27960346488305,14.665595128094857
6510198937789096448,336.797347867904,-52.489991097920665,5.428552904383264,0.62769324,220.16624,43.31487437321925,-215.86336819146155,20.485395,21.357218,19.083263,2.2739544,1.402132,1.0512888,339.5945159844223,-53.10905310825841,17.197,16.504,J222714.05-522914.5,0000,,,,,3.9813952899169927,,184.21115490880706,14.158815373175267
5076508995771629184,42.98011643573239,-24.52279176192049,4.692332633419298,0.75452477,240.91579,215.3748799981124,-107.95406113084442,20.480942,21.275948,19.128174,2.1477737,1.352768,1.209816,214.25679834481045,-62.82703949185819,17.327,17.178,J025154.02-243129.1,0000,,,,,3.302942503540038,,213.11362133150843,13.837885955557242
4931389025866636160,23.020024722664505,-45.932016208606434,4.893276066109845,0.6736876,203.72992,124.14093226804584,-161.53918443888602,20.477974,21.307926,19.16002,2.1479053,1.3179531,1.0322074,282.3827863365918,-69.54067085357327,18.055,17.433,J013205.65-455619.0,0000,,,,,3.0449734354248044,,204.36206469646422,13.925972591170451
6568240095034469888,331.71776968799367,-43.78067657076564,4.260466385603254,0.71575725,235.17967,-87.58270818978556,-218.26303007395825,20.460814,21.164696,19.123055,2.0416412,1.337759,0.9933171,355.1776409179363,-53.0729796456006,16.604,16.523,J220652.30-434649.1,0000,,,,,3.937813282836913,,234.71608727606625,13.608099715709846
3571528231637782400,177.88234262553243,-15.859953797076413,5.661081576597414,0.8744961,207.95128,-186.77937359227752,-91.4177132367404,20.456528,21.30665,18.998856,2.3077946,1.4576721,1.0621252,282.4896509956173,44.620781056653634,15.244,13.369,J115131.03-155153.7,0000,16.593000411987305,15.614999771118164,16.014999389648438,11513199-1551347,7.08752756512451,0.5780010223388672,176.64468997124908,14.221025065723838
1059935432584113664,161.57311342448776,67.0426860005292,3.9664885133135512,0.49453235,205.98235,5.884250418640399,-205.8982843509167,20.451693,21.330132,19.084267,2.2458649,1.3674259,0.98729956,139.812492778349,45.76822720390814,18.15,17.397,J104618.78+670213.3,0000,,,,,3.0546936408691394,,252.11216335141066,13.443724004680671
2364569716255364736,3.984482453028552,-20.87388635260582,6.758670878761793,1.0556217,203.39754,141.34229298672122,-146.2631628500393,20.448908,22.195541,18.975756,3.2197857,1.4731522,1.09064,68.69917034481409,-79.76647605419173,14.984,14.69,J001556.20-205225.0,0000,16.148000717163086,15.746000289916992,15.11400032043457,00155609-2052236,5.758908419616699,1.0340003967285156,147.9580849457198,14.598214492449912
1583032315745957376,188.69242002330708,60.92267495222679,7.17855779106375,0.65397835,208.55968,-205.9531513441004,32.87002885865424,20.442919,21.659924,19.025295,2.6346283,1.4176235,1.1123824,126.56096831135284,56.08797190426372,17.501,17.2,J123447.37+605535.5,0000,15.708999633789062,15.123000144958496,14.73900032043457,12344671+6055210,3.2429182370605467,0.9699993133544922,139.30374722968074,14.723105005127698
3681166961314058624,188.76845872349887,-4.352271446855283,6.199968828532617,0.72493005,234.01779,-230.98937230466225,-37.52644775176606,20.440102,21.148294,18.950329,2.1979656,1.4897728,1.0239742,295.1577813664301,58.27225709194799,15.368,15.21,J123504.50-042108.0,0000,16.329999923706055,15.746000289916992,15.310999870300291,12350470-0421076,5.230101961853027,1.0190000534057615,161.291133496985,14.40204953004747
2837245332629888768,343.38901631089885,24.32473570906497,7.206312078264535,0.85668457,223.63083,188.60658541343227,120.1594911580354,20.439312,22.066957,18.917776,3.1491814,1.5215359,1.1552429,91.31905447020075,-31.213159296155023,17.744,17.218,J225332.64+241908.6,0000,16.10700035095215,15.656999588012695,15.397000312805176,22533355+2419262,3.2213115880126963,0.7100000381469727,138.7672347713292,14.727877329269576
3737079842005610496,195.78318809359783,11.905550635618036,6.911057727014227,0.92109823,236.12526,-220.26029991814303,85.09133820811931,20.438833,21.478205,18.874231,2.6039734,1.5646019,1.0600601,313.7174849896971,74.53188039943309,16.607,16.611,J130307.19+115406.1,0000,16.149999618530273,15.663999557495115,15.154999732971191,13030818+1154191,3.8278329389648422,0.994999885559082,144.69565144726818,14.636555602899415
2639481703765176832,353.2987684668275,-3.594265517882285,6.361224996732893,1.0475831,226.57689,90.61554877418772,-207.66777898906471,20.429937,21.420418,19.040298,2.3801193,1.3896389,1.1085663,81.07896808925469,-59.94680021412778,16.829,16.35,J233312.46-033559.0,0000,16.37700080871582,16.174999237060547,16.27400016784668,23331160-0335361,4.079936618530272,0.1030006408691406,157.20242571416625,14.447640784290012
5041568268587233920,19.359640115802563,-23.03580491287765,5.231389912001516,0.8634496,240.16925,194.8794964057834,-140.36827303780572,20.42808,21.234804,18.936388,2.2984161,1.4916916,1.1116849,179.54150667588144,-82.83228119541872,17.602,17.316,J011727.41-230223.4,0000,16.22599983215332,15.821999549865724,15.315999984741213,01172604-2302060,3.1120800152587904,0.9099998474121094,191.15378834712067,14.021165452861261
4986813620316370688,13.743166026956224,-41.73311566060611,3.746147592580464,0.69383717,215.19328,-152.58419695067474,-151.74389301161202,20.426249,21.410294,19.389277,2.021017,1.036972,1.1534793,300.31894868987905,-75.37719597214178,17.526,17.567,J005500.45-414355.3,0000,,,,,2.859249564575194,,266.9408973582828,13.294173419628223
4902587834172851200,11.280356190946383,-61.32968572275311,5.087754326388225,0.6068061,204.48482,150.53276891689072,-138.3976990766675,20.416374,21.030386,19.104727,1.9256592,1.3116474,0.9752848,304.2791209101082,-55.78203858345858,16.292,16.2,J004507.12-611946.2,0000,,,,,4.216373237060548,,196.5503709197169,13.949004661324924
4942637167257186944,29.283719542638348,-45.930520802644274,6.663717910193794,0.47822818,219.26003,69.81338501486408,-207.84862572571583,20.401724,21.486876,18.901194,2.585682,1.5005302,1.020845,272.5354351592132,-67.12827059779094,15.99,16.282,J015706.92-455549.0,0000,,,,,4.119724411987306,,150.06637637980657,14.520307020745713
1442687249962612480,200.1349069350096,22.327518706083985,4.130696594547591,0.70805514,240.8523,-112.68034869746958,-212.86842787201,20.399822,21.32944,19.10294,2.2264996,1.2968826,1.0722551,358.50397720765363,81.83516087171911,17.241,16.688,J132034.43+221937.7,0000,,,,,3.711822274658204,,242.08991803464173,13.47993848304937
4865663519292944384,67.29467214421108,-37.83001141372446,4.474816373541091,0.5812019,234.90346,52.25254974814887,-229.0181401061648,20.385635,21.76413,19.06905,2.6950798,1.3165855,1.0808104,240.56598373556125,-43.512461630779626,17.489,17.137,J042910.34-374919.4,0000,17.04400062561035,16.420000076293945,15.475000381469728,04291031-3750124,3.248635869750977,1.569000244140625,223.47285710154455,13.639511092567963
3475698749530283136,184.7497811208545,-28.00412062343129,7.536654392905321,0.89608353,244.28816,41.26253810940988,-240.77813485339496,20.381367,21.592772,18.924854,2.6679173,1.4565125,1.1092429,294.258159725248,34.320697151358026,17.07,17.217,J121857.93-280012.2,0000,16.43400001525879,15.777999877929688,15.38599967956543,12185989-2800099,3.1643679460449228,1.0480003356933594,132.68486889107672,14.767260001796444
5134182881773607680,27.96601487424969,-24.104736983635387,6.867329104258259,0.6652218,201.0055,-23.04600931833729,-199.6799729952466,20.374613,21.717932,18.921234,2.7966976,1.4533787,1.0342034,203.7711863260953,-76.05664706656016,17.649,16.857,J015150.17-240611.9,0000,16.490999221801758,16.17099952697754,15.348999977111816,01515189-2406134,3.517612649047852,1.1419992446899414,145.61702006969858,14.558552303330783
4984789556848310528,18.294728138547462,-41.467072779200414,3.556912711330765,0.67219836,245.6026,-98.31850075648056,-225.06468369617068,20.367407,21.218155,19.090014,2.1281414,1.2773933,1.2198952,287.03328933132326,-74.98315295310097,17.91,17.071,J011308.64-412814.1,0000,15.199000358581545,14.647000312805176,14.359000205993652,01131130-4127375,3.2964078544921875,0.8400001525878906,281.1426878186913,13.12277303740974
910311588174389376,130.68229500667786,37.57907091218484,4.6433268347524885,0.6786348,202.96591,67.01010317872932,-191.5849897223316,20.356718,21.343576,18.929264,2.4143124,1.427454,1.0713444,184.84114884211223,37.39364018160818,11.787,11.806,J084245.68+373449.7,0000,12.11400032043457,11.862000465393066,11.838000297546388,08424569+3734497,8.550718244140626,0.2760000228881836,215.36282833153285,13.690864269433447
