source_id,ra,dec,parallax,parallax_over_error,pm,pmra,pmdec,phot_g_mean_mag,phot_bp_mean_mag,phot_rp_mean_mag,bp_rp,astrometric_excess_noise,ruwe,simbad_name,otype,nbref
266846631637525120,75.85667289714588,53.12186356696981,72.23599415423742,834.48627,2030.0312,1286.5118404503908,-1570.3230179702246,15.707108,18.064842,14.125392,3.9394503,0.5706241,1.2557602,BD+52   911B,PM*,5
266846631637524864,75.85923651184258,53.12163420733134,72.17340591451902,4179.373,2014.91,1302.1185621203924,-1537.6442792268324,9.218808,10.183291,8.241274,1.9420176,0.104529366,1.0607893,BD+52   911B,PM*,5
200296663143599104,73.15109158635963,40.70183928537737,74.06984596438883,1517.4485,1606.9323,1175.720000968031,-1095.405742486073,12.043524,13.698364,10.790067,2.9082975,0.36597905,1.0590621,ATO J073.1527+40.6712,V*,1
1288369418615181952,224.38086920971912,31.390721094462616,23.80726511793143,322.9157,1354.4636,-687.6189565991531,-1166.9412297263775,11.30368,11.361829,9.616941,1.7448874,0.5140342,3.0840142,Ross   53A,PM*,4
3910661735547769344,172.11439226399256,7.511853778041851,35.332183561988415,2513.1736,1250.4182,-272.2635073655329,-1220.4173041878023,9.676806,10.391775,8.8558445,1.5359306,0.06647832,0.9875593,G  10-25A,PM*,9
4143754008847248128,269.8837550451606,-17.931486950254186,25.415351816007675,883.979,1141.1608,-415.6988674108914,-1062.752193858979,13.985264,15.21566,12.884793,2.3308668,0.0,1.0255221,PM J17595-1755,PM*,3
5142197118950177280,27.037652026891283,-17.208918406145102,13.035935503778749,134.00906,1111.3102,-106.51074959431236,-1106.1942847460768,17.536055,17.719677,17.238007,0.48167038,0.22498882,1.0770707,G 272-98,PM*,4
6821550875241089152,335.3015867365798,-19.97335828730783,19.05615461270313,152.87283,1080.3412,905.9282324328572,-588.5839294847331,17.651583,20.288462,16.224318,4.064144,0.55948824,1.0024136,LEHPM 4592,PM*,7
3978879594463300992,171.04909306103758,21.359804540978555,68.04195101183048,2361.927,1038.0396,-1037.89859423324,-17.107494410049725,14.124896,14.28668,13.829387,0.4572935,0.14108822,0.9811443,TYC 1439-477-1,PM*,4
79257544069541248,33.462802411047214,15.985165401972967,9.39963520236257,479.02835,1020.20044,978.5166495364632,-288.64187097926174,12.775483,13.381881,12.029816,1.3520651,0.06020237,1.0675542,TYC 1214-213-1,PM*,0
5051410134608005504,46.60987439860533,-33.43306916919613,11.36253817298978,208.04665,931.5241,-67.00792126165504,-929.1109379762304,16.955246,18.275515,15.816179,2.4593353,0.0,0.9698116,PM J03064-3325,PM*,4
6893183782913620224,323.5474794835858,-10.703237693440917,39.89862708039422,1372.1819,916.97125,580.5640100856974,-709.7757851918531,14.106533,15.845738,12.853778,2.9919605,0.058857247,1.126697,LP  758-4,PM*,7
991713927241075840,100.95736393067432,51.13495365951942,52.904678252357,914.8297,916.52466,104.92862821295807,-910.4984694416128,12.560951,,,,0.49349606,1.4866871,G 192-39B,PM*,3
6586853933540951680,328.473910202331,-37.18663395164654,12.236656265741932,167.48878,911.0124,-529.5773263253275,-741.2769260258133,16.484713,17.721235,15.392286,2.328949,0.16531064,1.0493839,LP  983-23,PM*,7
1702642928692750592,238.9725147279116,73.22956049313153,11.400712226706712,366.1893,902.182,-762.4335104200733,482.31476743728274,16.039305,17.215384,14.968859,2.2465248,0.09954585,1.0676091,LP   42-230,PM*,8
1159108770069138176,220.81989821977652,5.8273989940981465,12.624286847495592,144.62956,899.84625,-899.8393359092596,3.530506732372735,13.06981,13.361742,11.860341,1.501401,0.5771564,1.4621096,BD+06  2932B,PM*,4
3183077473694357120,75.05912907629177,-10.019347703598005,13.340226779707267,502.09735,896.19147,489.5088710565487,-750.6931588855599,14.973249,15.969218,13.983378,1.9858398,0.0,1.0649896,PM J05002-1000,PM*,7
2413236093765321856,347.4719444237776,-11.77795476976515,36.05830409701421,1006.7823,886.6604,872.593084986997,157.31501611208893,15.1131525,17.21507,13.78356,3.431511,0.14627406,0.9968521,LP  762-1,PM*,8
6611315799515521536,331.8475481607876,-35.13349804453238,10.052285573276984,392.7528,878.3888,745.6876242602259,-464.237926174495,14.634872,15.590131,13.671628,1.9185028,0.0,1.0360358,LP  983-97,PM*,5
991713931537805440,100.95811427703256,51.13498845721774,53.02924083986898,2040.1127,874.5814,85.49859447961038,-870.3922472152394,11.507949,12.77411,10.267693,2.5064173,0.2129356,1.3843044,G 192-39B,PM*,3
1234976584214604544,220.76669189809937,17.109990208151054,9.89679292333398,361.39816,869.838,167.44940684586183,-853.5683068414237,15.138268,16.094276,14.171731,1.9225454,0.054341547,1.0887514,LP  441-3,PM*,9
1685892762396628480,193.6488721352682,70.04548187424427,12.956706484052592,574.97797,855.6963,-800.2664091405832,-302.9683920392414,15.272547,16.303339,14.265123,2.0382156,0.0,1.0139495,LSPM J1254+7002,PM*,7
5024549924533768960,30.072668955541133,-27.342473412512884,11.408488807163767,606.807,847.03613,-76.89900815259296,-843.5382295437166,13.923391,14.821779,12.985754,1.8360252,0.05172348,1.1527628,G 274-136,PM*,9
2490649786899307648,31.50509012008304,-6.351472190718277,10.272320600183814,172.92818,840.31744,828.4518703512581,-140.71569761630553,16.364044,17.58178,15.2704315,2.311348,0.17148586,1.041153,LP  649-36,PM*,9
830239138485572224,157.8491324699124,45.52339445319689,62.57685431082019,2411.2534,840.3095,-577.3241957852479,-610.5872978188678,13.160847,14.58937,11.775997,2.8133726,0.18273768,1.7172735,BD+46  1635B,PM*,4
6537262866750892416,353.5740221409481,-40.736312170832,29.331334578336023,1136.567,837.39056,807.7368641875378,-220.87131661805807,14.354544,16.145878,13.085192,3.060686,0.1008033,1.1463737,LP 1035-33,PM*,8
830239138487431808,157.84731232129542,45.52340641448857,62.52016704002569,3002.4072,821.18176,-566.2165955824817,-594.7589727468139,8.291128,9.077447,7.4273505,1.6500964,0.1147194,0.9621849,BD+46  1635B,PM*,4
1121562647004892800,129.32605454102102,70.62221209254467,19.97095185010053,610.8326,815.5798,98.61364841201328,-809.5959886407048,15.846747,17.711418,14.559986,3.151432,0.10195645,1.040191,LSR J0837+7037,PM*,7
6803857877726735616,316.99109139759105,-25.360404073095044,23.830696056498702,224.30981,808.2987,660.6330142269868,-465.7368219043589,15.143074,16.852936,13.887846,2.9650898,0.47205862,0.9085959,LP  872-43,PM*,9
2482910290191753856,17.375944180224703,-5.125202221404193,15.76108587500431,580.7196,807.5016,807.4273834769507,-10.945849496144772,14.487874,15.893268,13.323313,2.5699549,0.082221694,1.1961275,G 270-155,PM*,9
2482910290191753856,17.375944180224703,-5.125202221404193,15.76108587500431,580.7196,807.5016,807.4273834769507,-10.945849496144772,14.487874,15.893268,13.323313,2.5699549,0.082221694,1.1961275,G 270-155,PM*,9
4347692902941910528,239.1893088060332,-9.100523041103262,12.706531011580692,349.77716,806.9453,-133.9183849881481,-795.7553599480921,15.394792,16.75866,14.246126,2.5125332,0.052335225,1.034967,LP  684-4,PM*,6
2482910290191753728,17.374330389292147,-5.123726079101474,15.745358248407245,640.684,806.86646,806.7855670859365,-11.42680323082634,14.345863,15.708355,13.197234,2.5111208,0.034442842,1.0772519,G 270-155,PM*,9
2482910290191753728,17.374330389292147,-5.123726079101474,15.745358248407245,640.684,806.86646,806.7855670859365,-11.42680323082634,14.345863,15.708355,13.197234,2.5111208,0.034442842,1.0772519,G 270-155,PM*,9
4983570061015756928,18.43846511975345,-43.425301500581256,12.613104911001612,248.4779,804.65924,-23.21093035007172,-804.3244057222638,16.144735,17.327494,15.066354,2.2611399,0.30657315,1.2781606,LP  990-102,PM*,7
2355093506571972096,20.34202949516254,-17.840018825362613,10.272044593573002,210.04701,802.63684,4.959112267575335,-802.6215475487306,15.768468,17.042759,14.650582,2.3921766,0.16962232,1.2113178,LP  767-37,PM*,7
6553304122924596992,347.3929662408889,-36.9694404149594,8.916145742533041,535.606,787.1693,-437.85314755480135,-654.1560499604843,13.869031,14.715383,12.966148,1.7492342,0.024677757,1.1354347,LP  985-100,PM*,6
4986698652632835968,11.484726916348889,-42.79719975674512,10.844145040679832,516.8765,778.35876,659.6808739897813,-413.1144595564332,14.611576,15.734382,13.558524,2.1758575,0.0,1.0230929,LP  989-155,PM*,8
6783677544390496896,319.0804457702243,-33.06482500912259,32.83171485884223,619.764,777.05133,704.17841029383,-328.54452645525464,15.723148,17.938004,14.36486,3.573144,0.24135499,1.1026022,PM J21163-3303,PM*,5
3093687315794818560,127.19868539265715,6.394310587328674,9.395633975371274,109.67155,774.1144,124.16586650632608,-764.0915652597424,17.195837,18.531307,16.056095,2.475212,0.051663216,1.0139331,LP  545-22,PM*,9
6338296685697914368,222.4759670550357,-4.269194736981598,12.67028083647966,631.508,771.61615,-278.59114932591723,-719.5682461933924,13.654486,14.408121,12.812343,1.5957785,0.03690963,1.0914224,G 124-76,PM*,8
2375636232069329792,8.208787045902525,-12.343866773402192,9.921174470794869,156.1126,770.8379,641.433524395437,-427.497476170013,16.275225,17.41037,15.224412,2.185958,0.077823244,0.96004856,LP  705-56,PM*,6
2371073911649103872,11.594924468760322,-14.857584188602608,9.51132771695097,208.20372,766.17084,-231.8411080450344,-730.2516218925707,16.038746,17.066376,15.032133,2.0342426,0.0,1.013674,LP  766-15,PM*,8
276219659029030272,60.05741697023883,54.28906207584434,5.769509535480577,129.18239,760.01013,518.5929137894586,-555.5868880725437,16.262812,17.20014,15.308874,1.8912659,0.0,0.98089236,LSR J0400+5417,PM*,6
3037127544313394560,118.35988682231437,-11.703362123503265,12.202992334280715,306.28943,759.64417,213.09778584341808,-729.1423900446238,15.630631,16.73145,14.584076,2.1473732,0.0,1.0248041,PM J07534-1142,PM*,3
727531798829508608,158.33750038967807,25.98650545565828,36.55905406324395,1087.771,755.165,487.73199023789465,-576.53413281012,15.104091,17.251387,13.757664,3.493723,0.16092235,1.0358831,LSR J1033+2559,PM*,8
1722694722247854592,243.5486922061812,82.19514369927991,36.00787255670546,285.16937,752.52625,-474.279574609113,584.255630278066,18.157394,21.141191,16.60017,4.5410213,0.94187343,1.0421177,2MASS J16141557+8211327,PM*,3
521995692206323584,33.22486121576885,70.20908860248257,26.84809718388853,925.95624,747.5904,726.4576066105769,176.49566128286767,15.458896,17.371473,14.163976,3.2074976,0.14061606,1.0883263,LSR J0212+7012,PM*,9
3593740737340207488,174.57980932521622,-5.792552229457451,13.047321139640674,52.00545,742.6041,-701.7715951911582,-242.8528282338133,18.564344,21.068003,17.11468,3.9533234,0.7042683,1.0227482,2MASS J11381994-0547288,PM*,5
3756110017461220992,163.25198719426768,-13.748710135812305,28.65541668683412,825.44336,741.6517,657.4842799229986,-343.1641905096541,14.166843,15.712399,12.936422,2.7759762,0.17915633,1.5204844,LP  731-15,PM*,7
3756110013166009728,163.2513723684953,-13.748927780447518,28.94147479520426,734.57745,740.4127,659.1925136673228,-337.15901560840365,14.156105,15.701739,12.908812,2.7929277,0.22599956,1.9781308,LP  731-15,PM*,7
2388810099356784384,354.8321990025665,-20.95024620998666,8.101499496024422,119.37708,733.3397,671.6920293345578,-294.3075777599976,16.657442,17.593523,15.712607,1.8809156,0.0,0.9869831,LP  878-7,PM*,7
4999924471844242048,11.708336205821304,-38.68082460359833,9.65454094153112,510.90652,732.02527,-169.92329965604534,-712.0302509589706,14.371873,15.237435,13.457064,1.7803717,0.0,1.0250449,LP  989-161,PM*,6
2479640651848323712,24.360924984469587,-5.732852885326588,8.889568731402976,151.22557,728.52124,607.6829773443168,-401.8265808111779,16.584797,17.678879,15.540042,2.1388369,0.0,1.0171673,WT 1213,PM*,3
6835152967948730880,320.7774794294156,-16.860987326502517,22.59751932102804,1219.026,727.51733,-229.0015509997027,-690.5358519366085,13.941712,15.359861,12.773999,2.5858622,0.0,1.0818182,LP  817-30,PM*,9
5103203969863246208,49.6164610809593,-19.99224387824048,34.34818206482861,1516.7463,725.6531,587.9094398190826,-425.3643543241628,14.5074,16.204874,13.259662,2.9452124,0.0644875,1.0984923,LP  772-33,PM*,7
2085051835892040832,304.6744455803816,50.22336592429723,22.785308560994427,1823.2767,723.3396,-722.8523540448836,26.546083688557715,14.019702,15.124522,12.979871,2.1446514,0.0,1.0014542,2MASS J20184303+5013236,PM*,6
2412679706523802112,350.30933474624743,-11.624408406872606,31.18002615499496,898.9131,722.0887,686.1409120264678,-224.994963684501,15.368273,17.252682,14.08556,3.167122,0.07354309,1.0226079,LP  762-8,PM*,8
3250489115708824192,55.08968282529162,-3.218224247356161,38.462420523847776,821.3365,721.32935,687.0370967971802,-219.76364822457344,15.565228,17.84236,14.18999,3.6523695,0.2827895,1.1832312,HD  22879B,PM*,4
5068524995165870720,35.838452659457566,-29.16162469797248,12.521321669405944,585.5482,717.7709,677.4987682935059,-237.04517964053167,14.257505,15.340022,13.219993,2.1200294,0.0,1.0530436,LP  885-54,PM*,9
835195736903689216,157.7353272652172,49.74495822882005,8.529435271054593,281.7934,717.56757,-575.8410823278248,-428.1474778105848,15.360307,16.288254,14.406792,1.8814621,0.0,0.9793859,G 196-29,PM*,9
4127813392278943360,256.476422846842,-20.51605836321443,9.968352014114512,224.00502,707.111,-543.503796870296,-452.3379828341538,15.421521,16.274303,14.521672,1.7526312,0.07194162,1.0298494,PM J17059-2030,PM*,3
1285435333566659200,217.16452773139883,31.287183865280547,7.114620628323084,174.60727,704.7425,-64.05025517355023,-701.8258815672632,16.02224,17.017984,15.032863,1.9851217,0.0,0.98626673,LP  325-38,PM*,9
5089072531027887232,61.83660838935507,-24.490010370294005,54.32403871356248,928.5949,704.14526,219.00429529184527,-669.2216593686452,12.054182,12.925132,10.064442,2.86069,0.53084236,1.5905108,LP  833-42 A,PM*,5
5021082752054529536,30.973918852207824,-28.932429206551863,8.563531049080723,396.4001,702.33374,573.2320334319359,-405.8050760764187,14.530474,15.33997,13.649961,1.6900082,0.039308228,1.0616901,G 274-143,PM*,6
2759428629829608064,357.6535976770348,9.949318872191798,50.14831538141223,1555.1163,700.5929,652.9595417502628,253.91773159226116,10.597985,11.790701,9.320761,2.4699402,0.21967284,1.5668577,G  29-73A,PM*,3
523686431849757440,14.641039034901192,62.811998764250674,8.099485597402477,421.7843,700.1592,637.0748210299452,290.445443759056,14.495413,15.32958,13.598782,1.7307987,0.0,1.1043795,Wolf   40,PM*,8
5055842025461459072,53.17936383991653,-30.328445951605094,12.683791929799712,694.35236,697.942,-83.43308824990564,-692.9371909185309,14.573144,15.817772,13.46637,2.3514023,0.0,1.053977,LP  888-22,PM*,8
5076597712617010304,43.92545392992794,-23.96086613172132,10.425890690325277,581.49,684.6613,9.059580382647257,-684.6013859269509,14.27145,15.198462,13.315756,1.8827057,0.0,1.033777,LP  831-2,PM*,9
1509560165641240192,210.13756223891804,47.695021807414825,11.610061312717448,481.43808,683.6918,-619.1284716651037,-290.0247589585656,13.906002,14.710273,12.894858,1.8154144,0.19484723,2.0022836,Ross 1027A,PM*,1
2279224077519149568,330.303127429414,74.30033011849221,9.0717359202374,85.37532,683.1375,433.7589636927708,527.7594144382927,18.25028,19.914051,17.000526,2.9135246,0.0,1.0479054,2MASS J22011098+7417528,PM*,0
1509560165639569152,210.137667277776,47.69570403349389,11.51329541738268,1098.7028,682.1277,-617.3760844401799,-290.0775461631431,12.289008,12.937372,11.491367,1.4460049,0.06145604,1.0590423,Ross 1027A,PM*,1
6783390365695533696,321.1545526684809,-32.498538663123576,11.204456552384412,231.23027,677.8601,429.41191880329,-524.4995234790758,15.606924,16.789917,14.528512,2.261405,0.0,0.9884415,LP  929-42,PM*,7
1928108370769224704,344.41706906765364,37.32099623917873,42.7078767077444,420.4238,668.9531,-567.03800983276,-354.91709175294795,13.763308,15.432271,12.42655,3.005721,0.9517842,6.482586,G 189-53B,PM*,3
1928108370769224704,344.41706906765364,37.32099623917873,42.7078767077444,420.4238,668.9531,-567.03800983276,-354.91709175294795,13.763308,15.432271,12.42655,3.005721,0.9517842,6.482586,G 189-53B,PM*,3
2619303676825175936,332.3260796210888,-7.925639527832169,15.19752949983168,706.17773,666.85394,31.420217662169893,-666.1133349356669,12.462265,13.328779,11.4263735,1.9024057,0.10228035,1.2513903,Wolf 1328 B,PM*,8
2619303676825175936,332.3260796210888,-7.925639527832169,15.19752949983168,706.17773,666.85394,31.420217662169893,-666.1133349356669,12.462265,13.328779,11.4263735,1.9024057,0.10228035,1.2513903,Wolf 1328 B,PM*,8
1725168726490933760,203.48430357408384,82.27264873058755,6.285150427357436,202.8153,664.3708,-656.3813681755396,-102.7232171230386,16.079155,16.93139,15.175065,1.7563257,0.0,1.0657614,LP    8-29,PM*,6
2619303676825175808,332.325694575658,-7.9258918933974,15.41581032706579,228.45659,662.50214,36.19079300866328,-661.5129113775843,13.805608,,,,0.38617328,1.4118481,Wolf 1328 B,PM*,8
2619303676825175808,332.325694575658,-7.9258918933974,15.41581032706579,228.45659,662.50214,36.19079300866328,-661.5129113775843,13.805608,,,,0.38617328,1.4118481,Wolf 1328 B,PM*,8
514142567849992832,38.7813823283652,63.24073165197153,36.65970389056541,966.43,661.0292,533.2270469272908,-390.6769978766898,15.690943,18.171446,14.29336,3.878086,0.2076256,0.960421,2MASS J02350634+6314325,PM*,6
1928108370769224576,344.41751930871175,37.321598288193634,42.974274838648014,1861.0195,658.4257,-548.0533796296852,-364.9135596629905,11.838677,13.220052,10.66949,2.550562,0.19941013,1.4113199,G 189-53B,PM*,3
1928108370769224576,344.41751930871175,37.321598288193634,42.974274838648014,1861.0195,658.4257,-548.0533796296852,-364.9135596629905,11.838677,13.220052,10.66949,2.550562,0.19941013,1.4113199,G 189-53B,PM*,3
6600087548117648512,337.9261454840504,-34.86818827774056,9.284489101547418,42.261604,657.9345,-208.1717842596815,-624.1332880245125,18.542461,20.342916,17.263634,3.0792828,0.9958216,1.0827714,LEHPM 4807,PM*,2
1051937447565634688,153.6740337433098,62.15563797644032,10.580067480006225,542.78345,656.7966,-481.0068255431306,-447.22945370944666,14.764485,15.672068,13.825647,1.8464203,0.0,1.0092124,G 235-62,PM*,9
2759428634126128384,357.6539217495241,9.94925709891855,50.80855501441288,437.05182,649.0164,613.6245550532719,211.39350463442597,12.3821945,,,,0.62410676,1.5659056,G  29-73A,PM*,3
2562861381284623104,18.91906918107,3.437051770782465,8.61784962552662,105.02047,648.51294,648.114722294388,22.72303959977627,16.714828,17.871576,15.655045,2.2165318,0.0,1.0119098,LP  587-20,PM*,7
1017619147041964160,133.8455213699283,52.91372373090701,8.01646210675889,176.61957,647.3173,-294.0544028063998,-576.6730085495096,16.429018,17.488033,15.411696,2.0763369,0.0,1.0290338,LP  125-20,PM*,7
2492479271168730112,30.12266623069784,-3.9569125939468623,8.612286434863295,146.77843,644.4135,633.0452728781939,-120.50901217661836,16.027256,17.117422,14.999371,2.1180515,0.07624175,1.0898303,LP  649-19,PM*,7
1945261782959759232,359.1275524532734,53.18242878002329,28.907435008764637,1188.6742,642.7581,567.2095254175322,-302.3430502855847,14.531007,16.126997,13.310248,2.8167486,0.09976896,1.1710789,LSPM J2356+5311,PM*,7
4897565299418285952,64.95703995136724,-22.791811459944054,12.47305405364556,326.68237,642.4486,178.07227486232654,-617.2766353489013,16.151026,17.249025,15.116001,2.1330242,0.0,1.0313755,LP  834-45,PM*,6
1053684365383508992,154.6747874455642,65.19828638678989,9.237570572604108,349.08572,642.1193,517.7499740707841,-379.8054489556049,15.557189,16.5087,14.594105,1.9145947,0.0,0.9820717,G 236-22,PM*,7
1450765911648481920,209.8943258387556,26.590931486301876,42.02427920335218,1372.5032,639.77,-593.3703766566476,-239.2013428380418,14.593469,16.671278,13.261195,3.4100828,0.18324491,1.16161,Gaia DR3 1450771782870275456,PM*,1
17525291929400832,50.34972187682506,12.478075257578778,15.133793700977684,128.91531,639.6358,341.86376349007423,-540.6136760198974,16.75055,,,,0.60881615,0.92831844,LP  472-46 A,PM*,2
1128641886979903104,168.20259557858395,77.7784553847968,5.73615731972658,123.38407,638.3248,-401.1738431191589,-496.5059172300664,16.682947,17.614311,15.730603,1.883708,0.0,0.949449,LP   19-274,PM*,7
3442745179171045888,83.54750423470702,28.34577877776276,9.478750944231365,73.84726,636.5625,242.13544077019048,-588.7123359565365,17.810545,19.243042,16.647858,2.5951843,0.0,0.9713857,Gaia DR3 3442744801203149952,PM*,1
6611174031234294144,343.1894697162871,-25.425389586812315,10.330212556102982,110.943275,636.48334,-19.683640385287116,-636.1788921763409,17.080988,18.657656,15.8718815,2.7857742,0.0,0.98494536,LP  877-1,PM*,9
6152709705729644160,192.8788713287982,-38.76956249177145,37.687441505802944,660.29565,635.809,-623.1387401951737,126.2979924764603,15.711653,18.204111,14.303074,3.9010372,0.3486147,1.1455206,SIPS J1251-3846,PM*,7
17525291928845952,50.349622178044456,12.478438745708214,16.558597615884914,189.24693,635.71783,337.21882780043893,-538.9068622331457,15.749768,17.286474,14.24433,3.0421438,0.49638835,0.9872184,LP  472-46 A,PM*,2
2977562395228614656,71.77935872532521,-19.779242823076657,9.904918954098235,52.461224,634.72784,499.190425430236,-392.03104125910966,18.68583,20.603096,17.339577,3.2635193,0.7849277,1.0866306,2MASS J04470652-1946392,PM*,6
3002561853671949568,99.4995026115068,-9.411417477118786,8.876090620967203,335.6573,633.9823,428.4275335609635,-467.3151141044378,15.159838,16.039164,14.237162,1.802002,0.0,1.0117041,LP  720-26,PM*,5
1085037832803001344,121.02364100454987,61.8896541798735,49.8881107945537,520.22345,633.9683,-51.67544889779171,-631.8587568740883,17.30117,20.5573,15.7596655,4.797635,0.5185125,0.9890941,TYC 4126-40-1,PM*,3
2335287797462765952,3.597146013487045,-26.055951668032847,8.330976646630427,337.3277,633.282,536.5555809241365,-336.3840267703817,14.754456,15.633003,13.833518,1.7994852,0.0,0.9956552,G 266-72,PM*,7
3523812003972663680,190.53383537422644,-15.97704585846133,6.676473167105868,224.56966,632.34717,-621.7686389378609,-115.1813301841391,14.975638,15.765028,14.109221,1.6558065,0.0,0.9507828,LP  795-52,PM*,5
6011177614079629952,240.48496342982577,-34.367163204361866,46.335656006792014,1187.901,631.96466,551.0387831419351,-309.4116694688462,14.410004,16.46071,13.048198,3.4125128,0.24555704,1.4140332,SCR J1601-3421,PM*,9
2737085595774967040,335.8422312779283,16.032976902161497,15.479538520330468,118.529076,631.71844,291.7197958640376,-560.3282705428461,17.40957,19.63576,16.044823,3.5909367,0.3471546,1.028936,LSR J2223+1602,PM*,8
2942208354752550656,91.7257201497723,-19.446604352552395,7.509225927738657,158.68753,630.71326,167.54649901480795,-608.0521320514023,16.312834,17.317493,15.328363,1.98913,0.09810503,1.0729789,LP  779-22,PM*,6
6139840884199722880,191.78078473644905,-42.11529188958872,29.126831537223683,664.61975,630.2722,-505.080801930034,-377.0098605909597,15.326784,17.408575,13.999218,3.409357,0.20690407,1.2382638,WT 349,PM*,4
6893412618771209088,324.380893595374,-10.243112710304016,51.89787824729517,2488.6597,626.3314,207.7230476725852,-590.8825450064991,13.289603,15.071628,12.023049,3.0485783,0.08212952,1.1717372,PM J21375-1014,PM*,8
1082902134545364608,117.03340072006354,59.13567333356091,7.386491451867061,96.40186,623.12573,-137.34166931157333,-607.8017393170153,12.556095,13.073403,11.853932,1.219471,0.56863976,4.9772787,G 193-67,PM*,8
2330871127972876160,355.3768055506099,-28.269762916131032,8.038691077573883,319.67496,622.1369,-66.4313365416316,-618.5799949896955,14.712857,15.640282,13.762727,1.8775549,0.0,1.0117071,G 275-83,PM*,6
1984330523468864384,342.9731717577946,47.10451783564365,22.66194361288485,265.98712,621.193,587.9016603691437,200.62996418953944,17.014635,19.63202,15.588127,4.043894,0.62054574,1.0556351,LSPM J2251+4706,PM*,6
152395923680024832,65.60584184383994,27.61756164616276,7.816030333449733,167.30963,620.51556,324.9997619665953,-528.5969345382335,15.909747,16.873901,14.9374,1.9365015,0.0,0.9564275,LP  302-14,PM*,8
494984883400191104,60.92878268467213,70.47962945617498,15.69647734893996,670.2818,620.30505,110.35395705441314,-610.4099941085667,15.002302,16.489212,13.812789,2.676423,0.07149375,1.0934794,G 221-26,PM*,8
41001411371871872,54.09446245503548,13.843571166814266,34.6750667581646,1030.9053,618.9312,200.61056354233293,-585.5179251312597,13.617549,15.193632,12.402447,2.7911854,0.18677777,1.8923221,UCAC4 520-006241,PM*,1
2563177971913898496,21.385934242442904,4.331250025676069,4.590291067975278,84.652534,618.07996,504.1639710497302,-357.5493812060067,16.225288,17.071657,15.3215685,1.7500887,0.0,0.98700845,LP  527-53,PM*,5
4035190738882495744,180.04610093927053,41.09136686803192,7.762013733337004,374.1653,618.0173,231.0374099488912,-573.207713496879,13.92987,14.687827,13.080151,1.6076765,0.0,1.075144,G 122-62B,PM*,7
6787965055621489920,319.4624398527553,-29.36982437644889,10.907928642585796,144.64467,616.8148,479.4055096553739,-388.1119510832672,16.688854,18.092299,15.53447,2.557829,0.13999955,1.0340431,LP  929-20,PM*,9
1676677927242991488,193.42466730510077,63.211022257315946,11.851096261758958,906.074,616.5648,-136.21687166029204,-601.3294768930037,12.862867,13.7232895,11.947096,1.7761936,0.08089822,1.1406873,G 237-81,PM*,9
1099288633074163328,104.49096610061352,62.31971987679636,87.03112634346951,1754.9808,614.03784,298.608505647457,-536.5402172695465,12.148522,13.946473,10.676184,3.2702894,0.36611456,1.9316465,G 250-31A,PM*,5
1946218014475874944,327.4299935746991,32.29829685154442,15.1994562772381,393.40488,613.149,589.6045375258507,168.27995236481132,15.7469015,17.1484,14.55199,2.5964098,0.10039906,1.125418,LP  342-27,PM*,8
3000597125173673088,93.93372269692968,-12.791414879076138,25.84519386056712,186.28337,612.7155,450.76836881535297,-415.0038130619959,18.125025,19.234697,16.963272,2.2714252,0.29563504,1.0791788,PM J06157-1247,PM*,6
1043936576328923648,133.4920924426308,63.5384781880619,7.821051157509224,488.6361,611.81696,33.74062153330493,-610.8858679603993,13.507724,14.159731,12.728196,1.4315348,0.07278337,1.0318102,G 234-48,PM*,8
5036892389232663936,23.672492630026294,-26.084829501407015,36.311508827582855,705.1082,611.0246,116.34890108042076,-599.8450022250701,14.85223,16.886465,13.525424,3.361041,0.3684161,1.6230145,LP  827-294,PM*,9
129722035407431424,41.04884229247141,30.186641927550863,4.562948295745162,35.665516,610.7837,446.4021424182277,-416.8715000869297,17.602924,18.663666,16.586357,2.0773087,0.0,0.9736129,2MASS J02441116+3011190,PM*,0
1144476812925666944,135.00024446367738,81.15240685558875,7.053252383553132,138.22386,608.1629,-323.6025185543256,-514.9209149979085,16.922075,17.993332,15.913449,2.0798826,0.1060105,1.016445,LP    5-180,PM*,9
6816824246552965248,328.0281714940666,-22.56861557995773,4.897779282517499,74.36296,604.92413,259.6384196931822,-546.3708099423437,16.687622,17.626097,15.729557,1.8965397,0.0,0.9741487,LP  874-35,PM*,5
1508382451248706432,215.35263117303143,49.86722962810222,7.310821641815648,294.15338,604.25977,-601.2079459538646,-60.65398996261021,15.262007,16.25734,14.267564,1.9897757,0.10709273,1.179788,LSPM J1421+4952,PM*,6
2649199191825965056,344.24197538811666,-1.7212792199287004,28.482169110431336,769.1684,602.7468,-516.853934002599,-310.1060381471472,15.188039,17.065311,13.906825,3.1584864,0.09890545,1.0465605,LP  641-39,PM*,8
2004247214551243776,333.52527720740835,52.19119081748598,25.09020668718305,358.8158,600.25665,393.6114386399584,-453.186623977873,16.54506,18.868547,15.161794,3.7067537,0.5623532,0.98397464,LSPM J2214+5211,PM*,7
2562434732118813056,25.33343270057046,6.352468270819075,8.782167883437527,188.58292,600.01056,189.6665335684033,-569.2444866084302,15.561116,16.405424,14.662376,1.7430477,0.05154267,1.0787351,LP  528-81,PM*,6
400872838454711424,18.051303426186035,45.940047377772096,6.810697358197392,159.93706,599.4061,-233.6427298905149,-551.995286560817,15.861614,16.869736,14.866707,2.0030289,0.0,0.9693355,LP  151-17,PM*,9
2380947457346805504,353.1897323249798,-24.639675666116226,8.645664668629665,197.29814,599.40027,289.3075046729559,-524.9588968979014,15.956709,17.20853,14.863518,2.3450127,0.0,1.0591902,LP  878-2,PM*,6
2451036066578000384,23.265660284486223,-16.37184513909908,4.352563995629289,96.32745,593.81055,478.88608033015646,-351.11124163333307,15.90079,16.660797,15.020346,1.6404514,0.0,0.9861311,LP  768-79,PM*,6
518418293689809280,28.58999787326156,65.69745999445331,8.288447171425958,319.7557,593.27545,582.6879239333211,-111.5818881799764,15.279809,16.169184,14.351945,1.8172388,0.0,1.0064744,G 244-41,PM*,6
1543076475509704192,192.0419440449957,47.223114024117486,29.56540602301888,276.6256,593.1856,198.60609389814863,-558.949744045889,12.996362,13.9290695,11.262168,2.6669016,0.67933214,1.825836,G 123-61C,PM*,0
6890201563781799168,315.8488592195484,-10.542505987364455,33.28223904576595,1756.2823,593.03394,303.0143986892837,-509.7759426411342,13.822774,15.490648,12.584503,2.906145,0.040095694,1.0871494,LP  756-35,PM*,8
518418293689809536,28.58920296133392,65.6961316137968,8.254303397133858,285.3838,592.9733,582.5473108434395,-110.70692493634344,15.535895,16.443676,14.593519,1.8501568,0.0,0.9858956,G 244-41,PM*,6
5159401108670161792,44.64823918156056,-12.338428975610563,23.615720080148304,148.73668,592.63696,592.6298879448731,2.8913358856420586,17.79448,20.746815,16.303186,4.4436283,0.7218441,0.8467738,TYC 5290-297-1,PM*,0
320430403100626944,20.988876018164053,35.17071397879067,8.54199048985308,312.3176,592.58844,591.350120334803,-38.289349979905325,14.877064,15.760725,13.9478,1.8129253,0.048270416,1.0820253,G 133-7,PM*,6
2668447685149584128,329.4702865656484,-6.447876768179408,8.9631785959723,109.83954,592.10077,567.9999847531739,-167.21041397083988,16.951925,18.132809,15.871559,2.2612495,0.0,1.0227492,LP  699-10,PM*,6
568953600443925760,30.49412208528394,81.17202501444535,18.713118220090493,578.3154,590.57214,588.2531123205409,-52.28533418250067,15.865975,17.642147,14.595004,3.047143,0.0,0.99740475,LP   13-332,PM*,9
2382320781730066048,351.6668695773887,-22.72373607844842,9.272930021957992,655.94147,587.3502,69.13371518576727,-583.2673797962069,13.391884,14.138348,12.55191,1.5864372,0.0,1.013054,G 275-46,PM*,8
2380152677943597184,351.5474912229934,-27.246800857528587,8.018740179213898,18.449049,585.5803,576.9616199957,-100.0980309626002,19.74416,20.095346,19.21625,0.879097,0.0,0.94415516,Gaia DR3 2380152407360674432,PM*,2
6590519052472909568,323.9133289914918,-34.81314750407461,15.359472568599143,656.20294,584.8955,569.5570617974079,-133.0694698299421,13.698227,14.88984,12.611895,2.2779455,0.06266255,1.2595025,PM J21356-3448,PM*,5
2795626755934348544,7.229910281482474,18.64587561692453,7.138055674907532,94.483246,584.7812,552.3858459673994,-191.93471358025656,16.9994,18.145681,15.9307785,2.2149029,0.0,0.97325945,LP  405-19,PM*,7
318900982426755840,24.463548015666078,36.13642951856741,12.20926810919497,221.31335,583.24524,564.9134717588004,-145.07853488036335,16.395794,18.006496,15.174247,2.8322496,0.0,1.0242941,LP  243-37,PM*,9
2174326712570073472,325.00802858171687,54.13975566022994,34.077262035478334,2405.3801,582.5411,473.4486996143279,339.41191111517577,12.10534,13.269586,10.896795,2.3727903,0.12459617,1.1733286,Ross  200B,PM*,2
2404122654199741952,341.5500114710952,-17.030441828743378,24.63317917571367,853.0205,582.0703,566.2947078801022,-134.5962703988544,14.782014,16.438725,13.550768,2.8879566,0.0643151,1.0675668,LP  821-2,PM*,9
557011735935864576,87.53402092182577,81.51059308587669,20.00700954541986,420.45963,581.93176,327.9655174288537,-480.711117146754,16.32798,18.30133,15.016647,3.2846832,0.13051572,1.0094633,LSR J0550+8130,PM*,8
970366878924636928,90.51105167578577,50.21813765905475,9.521784994460296,353.93314,581.43506,263.07225576094964,-518.5168560825556,14.934683,15.899023,13.962985,1.936038,0.05085616,1.068378,G 192-14,PM*,9
2786053067672564736,21.227331600829583,18.49908625957949,31.83693478562564,1572.686,579.29724,547.1386598530089,-190.3274815501721,8.259104,8.703966,7.643951,1.0600152,0.07584231,0.9513494,Gaia DR3 2786050044015590784,PM*,1
3825820772648802688,146.5360707575591,-4.427614872539686,50.32885706762648,615.7171,576.97437,-551.3032429478611,170.18857623836556,13.93621,,,,0.49127868,1.0247736,G 161-74B,PM*,3
482685127857593088,76.42014817194129,66.56184550190574,11.35886666544784,183.5899,576.6597,244.8729653299271,-522.0858848797014,16.954338,18.369999,15.806535,2.5634642,0.0,0.9942165,LSR J0505+6633,PM*,5
2473839078745272192,12.845910545552,-9.504337696011737,8.238235370496975,48.02263,575.7058,-95.0868227906572,-567.798975186675,18.293001,19.948376,17.067537,2.8808384,0.5193969,1.1114081,PM J00513-0930,PM*,2
2399908226130235136,346.42873488691,-18.7202804781788,13.547068502586502,533.3465,575.0745,240.50023167990827,-522.3699539201672,14.716434,15.868736,13.653789,2.2149477,0.0,1.0133975,LP  821-7,PM*,8
5641177142279108480,131.46344540469974,-30.85924318062228,37.39909549600928,2362.9873,574.64496,-562.0172752113233,-119.80577253932287,13.845677,15.558925,12.597878,2.9610462,0.08550568,1.2141926,SCR J0845-3051,PM*,5
1699503788635584896,212.20236169128475,73.2732824022803,35.771404615194896,1957.3188,574.177,-444.7745270155357,-363.118200073297,13.936789,15.676954,12.680349,2.996605,0.10182649,1.1919633,LP   40-299,PM*,7
2638442429053398016,347.6606027361352,-1.9935826004042188,23.20961616152133,1090.3245,573.37683,346.2118775159482,-457.0539515826071,14.458698,16.069462,13.236371,2.8330908,0.0,1.0570863,LP  642-15,PM*,7
1099288637370627072,104.49025985938316,62.31958026409372,87.24166697188599,653.04956,573.1035,320.6363487935513,-475.0157378975831,13.639243,,,,0.8983104,1.3396655,G 250-31A,PM*,5
2596217402975331456,337.4075005055606,-15.178272930313955,13.227370528580815,171.95485,572.625,560.9969385070639,-114.81218900912872,16.480799,18.42038,15.1650305,3.2553492,0.26436308,1.1628107,LP  820-3,PM*,9
2614285089144466176,331.69139696188086,-10.147533145790776,14.061365584974556,229.0474,571.2803,467.81955101847774,-327.88114247690504,16.240765,17.793247,15.032507,2.7607403,0.0,1.0137184,LP  759-31,PM*,8
5606460887267152256,110.04063091153648,-29.40306525423619,6.939934570578807,76.350945,571.0009,109.3877674795943,-560.4251451497125,17.72944,19.041803,16.62521,2.4165936,0.16888596,1.039087,2MASS J07200961-2924014,PM*,0
2444020185960297856,4.894538375606321,-4.535765739638226,8.3662713902998,60.697815,570.45056,141.30264007848857,-552.6729910035231,16.850805,18.563635,15.530198,3.0334368,0.7464586,1.6947296,LP  645-2,PM*,7
2361748025821126272,6.162933584402164,-20.90535322004073,24.6124196288548,297.06036,569.50354,-267.73405506801856,-502.6457901199617,16.449242,18.863895,15.053134,3.8107615,0.3576512,1.090052,Gaia DR3 2361794961223736576,PM*,1
130204308697292800,42.64644553099573,30.99096867336623,21.680542871487585,1029.1575,569.31067,548.0451822390557,154.1463670027034,13.884794,15.389004,12.690131,2.6988726,0.09544687,1.3149644,2MASS J02503437+3059246,PM*,5
2360955930772711936,6.830765417072116,-21.359791235574164,8.894908135026908,167.38106,568.65564,500.5484838610984,-269.85259600476184,16.047579,17.08338,15.047496,2.035884,0.20132573,1.0777359,LP  825-211,PM*,5
2378247533531439744,348.50006123671693,-28.445934065680312,27.79601583349408,350.28018,568.1824,408.9565046706507,-394.4436711804292,16.331985,18.794193,14.9324,3.8617935,0.47551364,0.79636365,SIPS J2313-2826,PM*,3
5641259227692590336,131.79058934202376,-30.77262545387938,36.77035004724605,2488.4177,566.45374,31.30061288623537,-565.5882916765892,13.162989,14.642492,11.973988,2.6685047,0.08011416,1.28984,SCR J0847-3046,PM*,5
1042526761903800064,129.74500392498646,62.67619818526812,7.405326982689725,363.42337,566.35864,-267.36571755670155,-499.2771857742646,14.388221,15.219683,13.4941635,1.7255192,0.0,1.0489267,G 234-42,PM*,7
2174326751236583168,325.0085986680328,54.13982224516299,33.92322316035814,539.6979,565.2232,465.5241630657112,320.5690197691444,14.104265,,,,0.46731445,1.1205516,Ross  200B,PM*,2
6544145019268698496,340.11226255663206,-42.89094689940474,28.617308673831477,176.31424,564.5944,-34.21791315325895,-563.5565464809918,17.962654,20.85781,16.43381,4.424,0.8316037,0.9047682,SSSPM J2240-4253,PM*,6
158056136523857280,70.29827109556601,28.89351428594084,8.710259271154179,30.471397,564.4544,482.5151317481853,-292.8958044035404,18.698595,20.46892,17.391083,3.077837,0.5831999,1.0126965,2MASS J04411095+2853416,PM*,1
5031103872829759616,15.344833433977252,-31.0808684842619,8.9515599133942,121.576706,563.33826,555.4127904728751,-94.16279590578472,16.702368,17.949276,15.609833,2.3394432,0.11804446,1.0154856,LP  882-215,PM*,8
3138675277156978048,115.5517396616424,5.884789752930095,5.4795609341212765,83.07147,561.75146,303.2242097183993,-472.8845484834187,16.853525,17.796892,15.906138,1.8907537,0.062116366,1.0189976,LP  543-21,PM*,6
2820115078909107200,355.274849879457,16.769113491320944,8.60753410740921,106.52506,560.2607,471.2475711883884,-303.0144373037738,15.850139,17.375122,14.649775,2.7253475,0.49670208,1.7997829,LP  463-35,PM*,9
2373506443686573056,8.543336454220114,-16.162291419709486,7.472252683178649,93.8616,559.98505,-265.4223634401402,-493.0864135411453,17.070824,18.268637,15.979995,2.288642,0.0,0.952251,LP  765-37,PM*,6
6535003404716107392,352.93940101951057,-42.67153793950983,33.267051997173375,1018.756,559.0089,-341.65262642288843,-442.4527632612232,14.809064,16.769777,13.50189,3.267887,0.17771883,1.2208203,LP 1035-26,PM*,9
1001337544499028480,98.38777592487494,57.87543199469713,9.899049586010827,446.64825,558.5953,127.37107576411732,-543.8798191564865,14.138704,15.259913,13.080475,2.1794386,0.0,1.0655452,G 192-30,PM*,9
5643962205235839104,127.2915820260628,-29.863150534548534,22.65664340830854,1681.833,557.73737,204.74629868607096,-518.7965955977156,13.661011,14.965552,12.531178,2.4343739,0.036833808,1.1297045,SCR J0829-2951,PM*,4
3583777237848460544,184.67329779752117,-7.950114022242086,22.680790347395096,848.0662,557.0754,-521.6999076661688,195.3514064490765,14.549348,16.157757,13.3281555,2.8296013,0.091247566,1.1593324,LP  674-34,PM*,7
2672863430834908288,323.68436467143925,-2.695140340379889,13.17270561932373,105.24787,555.79144,-256.40280646149614,-493.11429996314826,15.774397,17.190622,14.557065,2.6335573,0.97544456,3.6341746,LP  698-11,PM*,7
6599190694522180736,332.8060922180309,-36.10998398287786,8.564803532390657,280.5115,555.6406,-192.4947992004554,-521.2314740817818,15.027904,15.952632,14.079856,1.872776,0.0,0.9611658,LP  983-113,PM*,6
479987338637532160,79.75599949391233,64.73111368240173,6.70005971066148,56.507313,555.6122,369.1888125617496,-415.2162256238804,18.012213,19.263788,16.930696,2.3330917,0.0,1.0064465,LSR J0519+6443,PM*,5
572029621662803712,27.13840136643578,81.74011709202281,19.239661706201822,279.44058,554.7463,514.3271588576085,-207.87256884494897,16.667622,18.800776,15.320856,3.4799194,0.5011412,1.1045549,LP   13-269,PM*,9
2655578214692806016,345.289946338284,1.9043422566821704,7.101254650624658,159.51381,554.05774,59.940163450120366,-550.805902587254,14.714353,15.509348,13.8376,1.6717482,0.0,0.9612626,LP  641-58,PM*,6
22579953040728576,36.89358640345692,7.829618921671206,21.8286821180599,587.686,553.4758,549.2947019099378,-67.9032649337509,15.0870905,16.691706,13.833888,2.8578176,0.06437647,1.0785542,LP  530-10,PM*,7
2432133430176485504,355.51975129052295,-13.259502296493045,6.5426470387822215,57.834232,553.0646,383.3155066440204,-398.6849117229255,17.615738,18.65163,16.624372,2.027258,0.0,0.98647267,LP  763-52,PM*,6
2857357354511522048,4.530367235086404,28.890529955994158,5.4883158405228105,22.397602,552.7902,552.6776482515577,11.156006667619272,19.157156,20.934948,17.937414,2.9975338,0.0,1.0025271,LSR J0018+2853,PM*,3
3728074738695246336,207.26032349188756,11.91808296512253,35.28863584039436,222.88785,551.8556,163.5379073891818,-527.0672835892263,17.810802,18.423466,17.079851,1.3436146,0.0,1.0313004,G  63-58,PM*,8
1992199487673191552,348.8885646492927,52.13880930535919,27.671146829972848,411.447,551.67773,354.855357565197,422.4050316690128,16.753698,19.29849,15.335545,3.962946,0.39078003,1.0580156,2MASS J23153262+5208127,PM*,3
22579953040728320,36.89293615941934,7.829994637251473,21.927176636676737,537.673,551.67633,546.6663310874399,-74.18013437434986,15.171529,16.842806,13.920387,2.9224186,0.11893356,1.1628964,LP  530-10,PM*,7
4989655789155314176,17.056734270834134,-37.246591400484206,10.304045296869624,240.33562,548.676,-63.93043281630175,-544.9388049128542,16.215155,17.705383,15.015036,2.6903477,0.076614894,1.0554183,PM J01082-3714E,PM*,2
4989655789155314176,17.056734270834134,-37.246591400484206,10.304045296869624,240.33562,548.676,-63.93043281630175,-544.9388049128542,16.215155,17.705383,15.015036,2.6903477,0.076614894,1.0554183,PM J01082-3714E,PM*,2
132450507872804608,37.40234088683852,31.10909408173068,6.572256708065335,276.88394,548.6492,529.9800003529009,-141.90531851148586,14.603914,15.42797,13.710939,1.7170305,0.0,1.0240576,G  36-22,PM*,7
4989655789155314048,17.05478080528167,-37.246638200327546,10.372120958729882,349.0961,548.0997,-64.20961949135953,-544.3256423728733,15.503165,16.865438,14.3472805,2.518158,0.0,1.0481958,PM J01082-3714E,PM*,2
4989655789155314048,17.05478080528167,-37.246638200327546,10.372120958729882,349.0961,548.0997,-64.20961949135953,-544.3256423728733,15.503165,16.865438,14.3472805,2.518158,0.0,1.0481958,PM J01082-3714E,PM*,2
6789445444949376384,321.1353796795742,-28.289632066221778,8.465041664824188,86.728386,547.5558,174.71891134814496,-518.9322239487595,16.662441,17.846111,15.585237,2.2608747,0.0,0.945888,LP  929-43,PM*,6
441339741142847872,44.69255062665367,53.91164648638276,6.424848514300516,180.927,547.01086,436.9787400066903,-329.04474127786995,15.359689,16.207945,14.415588,1.7923565,0.111852944,1.1291393,LSR J0258+5354,PM*,4
1017131170037877248,133.10142750770598,51.65626858918292,21.25717515037347,102.95267,546.68335,-28.531192574414572,-545.9383149936166,17.956179,20.783636,16.455708,4.3279285,0.875721,0.99018097,2MASS J08522440+5139319,PM*,7
182713994744802944,81.1768882432575,33.971332515134534,6.489232065365731,47.438473,546.4821,367.9254549135941,-404.07125957820045,17.38742,18.649162,16.28934,2.3598232,0.43821827,1.1311545,LSR J0524+3358,PM*,5
5009738948856171008,23.09327908546932,-37.949257264678806,9.663728977164872,169.9563,545.9358,382.8891825437127,-389.15520614171726,16.906021,18.355978,15.733291,2.6226873,0.093810976,0.9962614,LP  939-81,PM*,7
1912843404164016000,352.8297707212181,36.35825038911256,10.131719585272563,303.12833,545.5974,540.651924062235,-73.29422950193208,15.662972,16.537003,14.75063,1.7863722,0.0,0.96157855,LP  290-37,PM*,7
6812723274339616896,330.84582137950963,-23.996251294530836,28.762403616606274,526.5166,545.23914,539.6588571297075,-77.80773066249253,16.085588,18.406143,14.70157,3.7045736,0.18056223,0.9607794,PM J22033-2359,PM*,7
2310987697135287552,358.1892844179101,-36.54114000190572,6.597729763831056,68.47911,545.03644,-196.7190649690631,-508.29747525853145,17.283373,18.407581,16.221973,2.185608,0.18606625,1.0942634,LP  936-10,PM*,4
862261551355294208,166.56624263376847,62.1764225729729,7.302973381190115,95.2731,542.3676,-111.99056051813751,-530.6795270961813,17.720474,19.183872,16.574606,2.6092663,0.0,0.9819627,LP   93-303,PM*,7
421390240829409920,5.037458893876345,55.44377101143022,13.049941432762877,505.2781,542.1782,446.0025583881135,308.2838673112202,15.187997,16.218681,14.178371,2.04031,0.053654768,1.0462945,LSR J0020+5526,PM*,6
1688033820773488768,197.1382483534013,72.16523564550447,6.573273721918919,512.197,541.82263,-540.2992046260298,-40.601796275476666,13.762947,14.459375,12.955012,1.5043631,0.0,1.0161934,G 237-88,PM*,8
1251651399604535168,208.53873476907955,23.11716647814264,7.95956051149839,102.3994,541.76276,102.48264174396952,-531.98139036427,17.276464,18.589603,16.156168,2.4334354,0.0,0.9508431,LP  380-18,PM*,8
1557221761322060800,195.4871622156456,50.70021847290968,9.048860481217732,329.8284,540.51227,-57.88001449904975,-537.4043378451745,15.406759,16.33325,14.453144,1.880106,0.0,1.0487075,G 177-13,PM*,8
2607013713807195648,344.52516677846586,-8.607966264107498,8.956915223258617,237.41714,540.378,457.5913650814085,-287.43438054861963,15.311908,16.183643,14.397612,1.7860317,0.0,0.9669421,LP  761-79,PM*,8
2287097542848140032,334.0437181910034,81.4805307924895,30.39157463206148,888.8894,540.3641,454.17883992916376,292.77108484185027,15.712307,17.987322,14.347496,3.6398258,0.23563032,1.0807457,2MASS J22160711+8128452,PM*,6
5053553117130204032,50.18159636458586,-33.46728444558784,7.517123365460826,434.07843,539.89197,12.327780933176427,-539.7512001981526,11.301654,11.65156,10.777742,0.87381744,0.15021676,1.1060252,LP  943-81,PM*,5
2476702584980275072,16.267206134161203,-6.383905819202151,23.682601022130655,400.4333,539.6736,538.5477311752077,34.841759171207094,15.895493,17.979044,14.561107,3.4179373,0.16334936,1.0530987,LP  646-61,PM*,9
1639422521924240768,234.303284498697,61.41842139544681,9.503378107567697,183.54938,539.16846,-539.1638856480091,-2.2227067026862835,17.0509,18.276377,15.958037,2.3183393,0.092136465,1.0390955,LP   99-403,PM*,6
2371508802858333824,13.32681037964443,-15.711473323718243,7.738023854083587,192.71815,539.10016,527.3139071953857,-112.11165629441014,15.920997,16.956825,14.911618,2.045207,0.0,1.0292522,PM J00532-1542,PM*,1
5018297856604334976,27.26342237700857,-33.15535668156195,7.823611280034621,50.86803,538.98944,525.6725119332784,-119.0714767878295,18.231703,19.800386,17.022509,2.7778778,0.4910142,1.0255876,APMPM J0149-3309,PM*,4
5147748995540060544,31.012621449134805,-15.895014347984,10.63867943861917,149.1853,538.9431,353.03135945248255,-407.2205104229751,17.035252,18.734686,15.795985,2.9387007,0.0,0.95842695,LP  769-33,PM*,9
2634911240469948544,344.9268060981521,-6.244498016032441,7.904522889888045,92.38864,538.78656,-185.3066574895171,-505.9174119777549,17.375595,18.812725,16.214945,2.5977802,0.0,0.9818658,LP  701-52,PM*,7
2619889785242222208,333.44838964703536,-6.455879808721667,10.14752609572409,384.6477,538.5062,356.595846886962,-403.51995665554944,14.063853,14.926062,13.152144,1.7739172,0.103187636,1.3348057,LP  699-59 B,PM*,2
2619889785241732736,333.4632878436975,-6.455373212860746,10.35032875281076,195.53586,538.4603,356.56379519028053,-403.4870415193225,14.949182,15.2865305,13.407489,1.8790417,0.2724311,1.2384418,LP  699-59 B,PM*,2
2619889785242221824,333.4635675145226,-6.455265009326801,10.304443915403445,209.5771,538.06476,356.25405841832475,-403.2328146535274,14.97282,15.317732,13.458146,1.8595858,0.22406554,1.059063,LP  699-59 B,PM*,2
2416601595779276544,2.0892547671348365,-15.197322967996469,19.345285856870092,805.51117,537.88293,298.265562088152,-447.6111242109904,14.193041,15.435138,13.087778,2.3473597,0.0,0.99278796,G 158-31,PM*,9
5089662556454774272,63.175874272215786,-22.842297962399048,28.42118032923376,966.3645,537.5495,-301.18979136459984,-445.24619834278354,14.966854,16.9378,13.653383,3.2844162,0.12365721,1.0851953,LP  833-54,PM*,7
3030614037431922304,115.98603984346336,-12.99850995204974,25.081329815152,1193.6732,537.1608,340.9976423753751,-415.0450282696058,14.315364,15.849067,13.111746,2.737321,0.068335295,1.1570892,2MASS J07435625-1259476,PM*,4
313906416497564288,17.951282978671955,32.85517124452035,6.675936167599795,190.25522,536.90967,364.01257396918766,-394.6730870166544,15.565658,16.463474,14.631853,1.8316212,0.0,1.0108494,G 132-61,PM*,7
5174998402664669568,35.70585858048842,-10.85332110824323,21.74655314690205,288.2951,536.56995,536.540368162371,-5.632193405313897,16.716993,19.089447,15.323441,3.7660065,0.33985686,1.0795118,LP  710-87,PM*,8
2516177388879537024,37.0009723045161,4.573373644227792,24.830394928153936,673.0807,536.2752,484.5353716520253,-229.81857976261333,15.0158615,16.87502,13.729033,3.1459856,0.14595398,1.1892518,LP  530-14,PM*,9
5089661800540530560,63.17800705533109,-22.84617797150536,28.59975802097523,1185.0042,536.25586,-303.190072475127,-442.3190455600748,12.312732,13.727117,11.137988,2.5891285,0.2050704,1.5683978,LP  833-54,PM*,7
2570071944179887872,33.487900556616815,9.744176043025364,6.245960374163091,78.916275,536.1366,535.7793133181897,-19.569895390255297,16.685537,17.76149,15.663691,2.0977993,0.0,0.9706647,LP  529-66,PM*,7
1664518531230553216,206.09948362928785,62.40469258422747,10.058426893049646,759.84973,535.5422,-494.7926302174119,-204.9041115271089,14.016938,14.778338,13.167667,1.610671,0.0,1.0227739,G 223-22,PM*,9
1638024561609438464,266.70125204512914,69.88851222735622,8.275337659433589,460.2493,535.2341,-167.6004506653334,-508.316423739902,14.864423,15.737514,13.945261,1.7922525,0.0,0.9615732,LSPM J1746+6953,PM*,3
4347520588853821568,236.99083253878004,-9.048555235499729,6.395464727920828,143.03677,534.75745,-462.4904191257191,-268.4551122693625,15.832665,16.84529,14.838707,2.0065823,0.11953879,1.0933442,LP  683-38,PM*,5
321793247763561472,19.178976495273,37.34661249515242,5.781464611277979,61.61698,534.6235,490.79820802287,-211.9890585192249,17.02952,18.000734,16.045216,1.9555187,0.0,0.9557967,LP  242-59,PM*,8
2419407652532416000,357.7025901272604,-14.111100326757157,11.443430591137744,316.8039,534.47906,370.7424150621492,-384.9908550344054,15.137919,16.289473,14.071714,2.2177582,0.0,1.0321943,LP  763-13,PM*,7
3472658737319673984,181.7398034642882,-31.205797063811865,6.400639625210894,18.7347,534.0512,-357.5667585097126,396.6821152037281,19.526636,20.997263,18.291862,2.7054005,0.0,0.9708666,2MASS J12065803-3112274,PM*,1
4132033901994675456,250.52362146543769,-17.16762690962593,40.53643520448724,1350.982,532.21576,-327.7478223831843,-419.3268379707195,14.326664,16.24416,13.028925,3.2152348,0.12957425,1.1892426,LP  805-29,PM*,8
1991852419955900160,347.81157138265496,51.06562509893761,25.76034306132528,262.73492,532.104,-515.9885502368663,-129.96332061594208,17.176762,20.086555,15.710436,4.3761196,0.73325855,1.0272328,LSPM J2311+5103,PM*,8
2797356528243572864,4.346741903870724,18.859362017548406,26.23407491383556,1020.3933,531.2486,530.3794583917419,-30.376392573938084,10.07715,10.811277,9.21598,1.5952978,0.16439706,1.0804887,BD+18    24B,PM*,2
3202205883642540544,65.25444503601484,-6.431775553584033,10.79510941110192,127.29278,530.9625,24.47451855832389,-530.3981525614437,17.291712,19.087055,16.02916,3.0578957,0.14386177,1.0677248,PM J04210-0625,PM*,4
3501917600727644288,190.37147502982316,-23.23078898941935,12.663403709015526,590.64996,530.1355,-529.9361643104249,14.536860344036326,14.407858,15.572431,13.330797,2.2416334,0.0,1.0615082,LP  853-20,PM*,8
2532421608028190592,16.18530825142005,-2.068862375312672,6.709006648379157,93.67525,530.0883,409.5534708884263,-336.54064418121555,16.55492,17.660032,15.520713,2.1393194,0.16806488,1.0989282,LP  586-57,PM*,6
1124215253166754432,139.29137921555144,74.09261912613567,10.971948145395128,465.35574,529.2169,478.35410018230925,-226.3799867002848,15.048721,16.029802,14.067156,1.9626465,0.0,0.9565899,G 252-31,PM*,7
2372614121281670016,12.134329565401211,-14.3300803700706,27.13846950622416,1011.29114,528.5262,457.3961314339592,264.818283928723,14.633612,16.323698,13.394149,2.9295492,0.07397914,1.1355973,LP  706-30,PM*,9
564767862756918912,6.337850913659027,79.39865968721266,13.843637929395918,819.27856,528.258,451.5675647319834,274.12269616432945,14.240217,15.417064,13.162713,2.2543507,0.0,1.0709757,G 242-55,PM*,9
3528998056723531776,191.12974869046812,-13.108210715766416,10.6262065827576,507.60638,527.7858,-492.4608402996973,-189.84259894456477,14.345723,15.348598,13.353455,1.9951429,0.0,1.0443218,PM J12445-1306S,PM*,2
6814567395857581568,324.9630622153676,-25.26852070281752,15.440573424435664,254.83067,527.66345,-143.85402337732722,-507.6758153395392,16.234322,17.888655,14.993429,2.8952255,0.0,0.9643007,2MASS J21395131-2515578,PM*,5
1571106875193714944,188.87980660836132,55.02940011382198,5.357129873171039,81.55196,527.1139,-527.1067744210193,2.743831438464136,15.070778,15.879631,14.162656,1.7169752,0.655696,3.5083325,G 199-31,PM*,8
1286685928878628736,220.5278433013279,32.915882755809214,7.452360186926044,317.8201,525.1572,104.39420567036674,-514.6765399768835,15.051667,15.997778,14.090811,1.9069672,0.0,0.98960656,LSPM J1442+3255,PM*,6
5139001628922038144,24.6346663083792,-20.51684049766262,6.413393382296866,241.41032,524.5501,443.2757773937898,-280.46284378708634,14.85611,15.685264,13.963138,1.722126,0.0,1.0504838,LP  828-5,PM*,7
5014556325910431232,18.81678828475004,-34.344163123269944,8.437000525204855,518.7338,524.3531,105.88060067114073,-513.5517783958761,12.917441,13.720481,12.038703,1.681778,0.09207815,1.0962315,G 269-128,PM*,5
5014556325910431232,18.81678828475004,-34.344163123269944,8.437000525204855,518.7338,524.3531,105.88060067114073,-513.5517783958761,12.917441,13.720481,12.038703,1.681778,0.09207815,1.0962315,G 269-128,PM*,5
192454873200555392,89.79362636161746,42.81050790329475,10.292834840527751,55.63995,523.46356,-64.44815036005639,-519.4810387354298,18.300442,18.52909,17.930397,0.59869385,0.2326558,1.0785075,LSPM J0559+4246,PM*,3
2275119738051123584,311.9915553254314,72.4844788888519,6.398486126838621,19.655539,523.3781,14.027902327184108,523.1900988318815,19.961044,21.076275,18.696741,2.3795338,0.0,1.0210444,2MASS J20475789+7228555,PM*,0
6592754939815757312,326.87250305034286,-32.04602532596552,6.372326187634597,95.817215,523.22656,40.059007207273766,-521.6907897763928,16.471243,17.33142,15.565198,1.766223,0.0,0.9484333,LP  930-36,PM*,6
2797356528242500480,4.346316968382385,18.859195480884587,26.43164408092325,222.19696,523.1123,521.7208580461809,-38.12910488258705,12.157001,,,,0.89125013,3.5084867,BD+18    24B,PM*,2
6836081917835474688,321.5884363277258,-15.90925055130612,6.80525484532846,305.8215,522.7043,336.45165083214994,-400.0250511147873,13.654802,14.370845,12.834142,1.5367031,0.0,1.0352633,LP  817-41,PM*,8
3172139188423934080,66.34988046691615,-16.299540526742113,10.210306310095165,175.91977,522.63385,486.7787715039106,-190.2434431292759,16.76736,18.413618,15.539469,2.8741493,0.06961674,1.0115335,LP  775-15,PM*,9
3094278337656461312,119.9446043351928,3.3172195438237657,5.669671006831211,121.58418,522.5281,-147.66646033218709,-501.2286946806963,16.074543,16.889238,15.206954,1.6822844,0.0,0.96522933,LP  544-7,PM*,5
447438289764324864,46.93779725930276,55.0050584051954,8.300118219262517,366.5775,522.07574,522.0550157442158,-4.655078851143258,14.616524,15.397206,13.754248,1.6429586,0.0,0.9661047,G 174-33,PM*,6
2626204349240030592,336.48594463103785,-5.435813618638927,10.04311165745663,177.1212,522.0025,-102.73798263059358,-511.792451504785,16.433012,17.681011,15.341242,2.3397694,0.0,0.9080322,HD 212639A,PM*,0
1502876543693179648,207.65217163256688,44.92964772786044,9.678271044193044,358.20624,521.43604,-197.7951062635724,-482.4651470110557,15.365449,16.24616,14.445218,1.8009424,0.0,0.9660067,LP  173-68,PM*,8
70309099968450688,56.05188056824831,26.562152145245168,6.10883093681067,116.14391,520.91345,496.44599531572646,-157.7726982016468,15.605444,16.48021,14.690403,1.7898064,0.18872674,1.2179979,G  38-11,PM*,8
407338172984352640,22.97001740974412,52.775013777238,7.407508489140059,50.64287,520.90784,511.7041704283092,-97.48740613574276,18.309772,19.681929,17.178072,2.5038567,0.0,0.9564094,LSR J0131+5246,PM*,4
1978506101133651968,321.9633010478452,47.64756241977327,15.616976888301188,1601.0472,520.5761,39.67996146397434,-519.0616647155356,12.067012,12.884439,11.179643,1.7047968,0.033176754,0.9107519,G 212-37,PM*,8
6549399065644290816,347.7609042619489,-39.613352196247696,7.738904640348303,216.44102,519.7879,490.0554794308626,-173.27755791315138,15.462436,16.42253,14.485533,1.9369965,0.0,0.97348917,LP 1034-52,PM*,6
1367650288652988032,269.0775393439686,51.547805620617815,13.04916313673867,683.3364,519.0679,-494.469790599009,157.89581020635393,14.982444,15.87887,14.009069,1.8698006,0.060835388,1.0787013,G 228-12,PM*,7
5175087737984518272,36.69701621359899,-10.338847272968945,8.215502434509451,137.28499,519.02747,494.5538341357411,-157.4992930307915,16.51021,17.532282,15.504697,2.027585,0.0,1.0504118,LP  710-24,PM*,6
5014556325910431360,18.818714660077617,-34.34377070478011,8.501530793052087,393.0621,518.4556,106.44108708742608,-507.411575072593,14.182012,15.081747,13.242312,1.8394346,0.10035713,1.2741656,G 269-128,PM*,5
5014556325910431360,18.818714660077617,-34.34377070478011,8.501530793052087,393.0621,518.4556,106.44108708742608,-507.411575072593,14.182012,15.081747,13.242312,1.8394346,0.10035713,1.2741656,G 269-128,PM*,5
2596895458052404736,341.8039134538436,-15.47939905376057,7.722528434207143,66.963,518.1953,-129.4253110570392,-501.7722991290781,13.032561,13.774457,12.170782,1.6036749,0.9108212,8.395337,SCR J2247-1528,PM*,5
5547683744420802432,121.0725009073375,-32.7719308946158,9.381918989091552,75.62665,517.7545,70.88735339535566,-512.8788512074536,18.385065,20.410786,17.055399,3.3553867,0.0,0.98544955,2MASS J08041731-3246109,PM*,0
1727282675034321152,234.30431264537057,85.21883366318148,14.3541116777697,127.38988,516.35236,-194.00870057822675,-478.5189118221472,17.93773,20.28925,16.547297,3.741953,0.40678546,1.023572,2MASS J15371569+8513156,PM*,5
5568009556885310976,92.09396694682782,-44.59809257646713,23.034940294389795,1957.7292,516.2464,282.0547464825941,-432.383472879981,13.582793,14.901824,12.25675,2.645074,0.05299158,1.1657821,L  380-96 A,PM*,2
1106437077860777856,100.51953344947624,69.61131561960971,7.594703258276429,224.27777,515.4801,-355.07088618431715,-373.6902428287525,15.888069,16.891396,14.897646,1.9937496,0.040751424,1.0493593,LP   34-61,PM*,9
2139679765440990848,290.03303659149407,53.595604538883954,8.99798938471709,524.22845,514.1815,-256.811718174316,445.4552198227234,14.7078085,15.655188,13.746702,1.9084854,0.0,1.0006734,LP  141-33,PM*,7
5568009556884277888,92.09352761539428,-44.59836681837803,23.09896321260243,534.1615,513.5889,272.5301039322722,-435.31702425169306,14.610169,,,,0.43085834,0.93196297,L  380-96 A,PM*,2
1098949334954275456,107.0934699216425,60.894279372999705,11.304032098628506,457.8304,510.83322,374.403109862856,-347.5239300167945,14.943595,15.930516,13.961172,1.9693441,0.0,0.9498822,G 250-38,PM*,9
5692626692961910656,123.27895511427492,-29.435966773427104,33.21500824459918,1630.5162,510.1817,-484.5962752109836,-159.53623792823652,14.471392,16.193703,13.219343,2.9743595,0.094729975,1.1556752,SCR J0813-2926,PM*,5
1993953930275815552,359.44011667527246,55.47124646407754,17.761580367585058,953.65186,510.12094,509.52851473635394,24.578033613887698,14.505165,15.860796,13.356755,2.5040407,0.0,1.0422074,LSPM J2357+5528,PM*,8
6784975548312912256,322.57873805822527,-31.741153239408465,6.067418106939046,49.24267,509.99872,-153.9953427518826,-486.1934967152898,17.599281,18.765707,16.55681,2.2088966,0.0,0.99854416,LP  929-54,PM*,7
4880644124705274624,74.52689049767389,-26.961025374137733,10.56430175268467,372.8498,509.88705,-392.45979958782254,-325.5151668677805,15.702716,16.717611,14.710633,2.006978,0.0,1.0372758,LP  835-37,PM*,7
504567539557681024,30.107798854403097,55.5047813593565,10.96665559881125,65.545876,509.41934,472.692070280748,-189.9217723406061,18.179224,20.303453,16.81423,3.4892235,0.6893724,1.0392587,LSR J0200+5530,PM*,4
2459599990847762304,29.17600234861869,-12.863500170073449,12.700573869018571,536.1577,509.34448,100.44089564408128,-499.3430082302254,14.548192,15.665993,13.497346,2.1686468,0.05946308,1.1544704,LP  709-4,PM*,7
4995383420101955840,4.149614686017125,-41.824071154240855,7.306836398480284,258.85333,508.5549,399.2966243274493,-314.94488863022286,15.262725,16.289682,14.258218,2.0314646,0.04192765,1.0540768,WT 4,PM*,7
989945504523396480,108.9702726905,58.01802457009966,13.258633690000876,451.4724,508.41486,357.3785766588059,-361.61610042506766,15.071347,16.232475,14.002106,2.2303696,0.0,0.9737989,LP   88-63,PM*,9
5586078961047430912,111.34056688622005,-37.71873428030684,30.49804329858253,2160.5588,508.36234,114.98625919234811,-495.1872563177151,11.562848,12.776577,10.465624,2.3109531,0.12913197,1.0646725,PM J07253-3742,PM*,6
231421569581779328,59.78978420611698,42.607280208624765,6.285865122917264,175.69841,507.52213,225.40785870195205,-454.71969561994666,15.369648,16.300045,14.418868,1.881177,0.0,0.9926406,LSR J0359+4236,PM*,4
2467865844386994432,28.17108466714455,-5.434706144741187,8.97217596454798,73.23418,506.83545,311.3242823725832,-399.9491943176305,17.830833,19.86987,16.515493,3.3543758,0.42836082,1.0089437,2MASS J01524074-0525587,PM*,3
6230916696503133056,226.2561939200583,-23.34893612951439,7.214099807205214,441.60684,506.77283,-482.223877104949,-155.816692070552,13.286168,13.907456,12.529507,1.3779497,0.0,0.9014694,LP  859-5,PM*,5
445588464529411328,55.7261394512583,55.45659984270989,7.410640661453737,285.23746,506.73196,287.0295365021707,-417.60186952571456,15.033209,15.975973,14.07397,1.9020033,0.0,0.98806244,LSR J0342+5527,PM*,7
808049069691384448,149.69408386914554,43.16381671786521,17.020631496198472,617.01434,506.61804,-440.538718208477,-250.17489525254825,12.821062,13.677656,11.698365,1.979291,0.21693137,1.1256254,G 116-71B,PM*,3
2626969746771891200,333.5759983351125,-4.581233227417808,21.992214293945725,201.20688,506.57806,359.12168306865766,-357.2855488423813,13.541884,15.243253,12.282139,2.961114,0.7036784,6.4362774,LP  699-61,PM*,9
847862145215933440,153.92875744706237,50.51484730041358,7.306279527689386,226.07834,506.3221,-49.28201580947041,-503.9180129566581,15.661456,16.446869,14.795686,1.6511831,0.0,1.0242286,LP  127-245,PM*,7
6554445450354136704,345.73466707970624,-35.390793393015805,6.259436915674083,208.15344,505.93213,36.20982181917489,-504.6346842593434,14.9778,15.796147,14.093355,1.7027922,0.050909597,1.0764362,LP  985-75,PM*,8
6810139005788198656,327.6005097697381,-27.522160154432516,24.984712842669836,993.7296,505.81656,466.6918904355245,-195.06167192138403,14.61652,16.31792,13.37301,2.944911,0.04077955,1.0740758,LP  930-48,PM*,9
808049000973287552,149.69345768262073,43.15945302622624,16.92945991997373,984.6335,505.77084,-439.2820093697857,-250.67000742158808,13.951961,15.093019,12.891936,2.2010822,0.019746406,1.1183859,G 116-71B,PM*,3
2338249503830292352,358.25387164639415,-24.84875315146244,9.02087869280545,99.95501,505.7539,235.86476320794128,-447.3866561888868,16.863724,18.180962,15.730699,2.450263,0.25212732,1.126081,LP  824-3,PM*,8
808049069692763904,149.69459003117902,43.163768010875984,16.86020907807495,289.73065,505.6071,-439.72306060386256,-249.56392055248668,14.174746,,,,0.3067194,1.1557921,G 116-71B,PM*,3
2305857027987132928,0.1178533976812369,-41.42544604570294,5.644477621994342,161.96284,504.9171,503.936453699852,-31.453716747808013,15.597138,16.467043,14.67932,1.7877226,0.0,1.0167867,LP  988-81,PM*,7
3637972990614064896,202.2277549336745,-2.3829532305614958,10.738137985154106,27.300179,504.06143,-495.1269244789585,94.48419117828487,19.25584,21.441196,17.757418,3.6837788,0.9584417,1.0408415,2MASS J13285521-0223000,PM*,5
241863597151489536,51.29528478357327,44.852246847877794,11.850683575282654,644.7641,504.05582,216.59835810725664,-455.1454974990688,14.144749,15.244148,13.099701,2.1444473,0.009857907,1.0885937,G  78-35,PM*,8
3865370133270853504,162.5462495886402,6.918592469823744,9.14122292512595,135.79709,503.6995,-120.97022955151326,-488.9574446503039,15.982039,17.037884,14.967731,2.0701523,0.0,0.9494307,LP  551-17,PM*,8
4867826396104756992,68.86999244073947,-34.37058789508055,27.83553391810847,718.93665,503.5914,-211.0472777091989,-457.2344530058115,12.449015,13.859441,11.27608,2.5833607,0.40400857,3.0121005,PM J04354-3422,PM*,8
6820653811192524032,331.3012042884801,-20.142733420736946,9.87394842882092,221.05463,503.31427,-167.3835308075077,-474.66622085606525,15.932573,17.345331,14.762843,2.582488,0.052028332,1.044759,LP  819-25,PM*,6
2628392686616824192,337.5706843889545,-2.674148465409191,25.750313898638247,867.66174,503.22626,483.4211436106211,-139.7878917808405,14.732321,16.534016,13.46138,3.0726357,0.09032902,1.0686345,LP  700-27,PM*,8
2692600454827734912,320.7763697200968,2.6632295834303084,6.945903993442826,131.23128,502.90692,-123.63368511495555,-487.4731762065713,16.206112,17.501972,15.080522,2.4214506,0.0,1.0059,LP  637-35,PM*,8
813254089018700416,142.4680927745771,39.986215474286176,7.5739245452351485,235.72928,502.4807,-217.20632614649367,-453.1095505178728,15.418778,16.330883,14.472556,1.8583269,0.0,1.0517262,LP  211-10,PM*,8
2611697427182951168,343.78496425401056,-6.0939613092775895,13.21815460087964,183.80232,502.21576,28.03614665902796,-501.4325931651247,16.706535,18.539547,15.434187,3.10536,0.0,0.8353396,LP  701-33,PM*,9
20056951812047104,38.33361425872543,8.191075455376366,13.314007267344232,250.34229,501.92447,485.56205287151846,127.1128040123484,10.978799,11.522882,10.273995,1.2488871,0.31247416,3.7516088,TYC  639-1048-1,PM*,0
5070638497032946048,40.09650822254959,-26.356306135358988,15.848861645139316,659.1332,501.88486,41.53573694818866,-500.16315653606097,14.810777,16.27678,13.628199,2.6485806,0.05374873,1.0283384,LP  830-25,PM*,9
5027679684383440128,15.650795781095589,-31.88796432383748,4.627802693216434,79.41932,500.98517,402.7238181746398,-297.992701697829,16.736847,17.626669,15.805458,1.8212109,0.0,1.0268128,LP  882-236,PM*,7
2630815357409558400,351.1002551788286,-7.570463661019186,25.497409893694574,780.3096,500.4691,479.272172439888,144.1092688578127,15.050586,16.377058,13.882107,2.4949512,0.09877854,1.1332135,G 157-58,PM*,7
