source_id,ra,dec,parallax,parallax_error,pm,pmra,pmdec,phot_g_mean_mag,phot_bp_mean_mag,phot_rp_mean_mag,bp_rp,g_rp,ruwe,l,b
6387490966228061952,351.41545733927086,-69.05077301037255,7.244586614350385,1.4455305,234.30243,215.79955674633112,-91.2588669281792,20.863543,21.385973,19.330994,2.0549793,1.5325489,1.1035051,313.82216417858353,-46.221604155651605
6473285343147923072,302.8673726463968,-53.363328161354055,7.485031267028066,1.3704497,224.4239,-5.963848489349928,-224.3446467699508,20.844526,20.948862,20.1039,0.84496117,0.7406254,1.072598,345.00923678309465,-33.20320061980726
4707605252467583616,3.239368709988192,-66.61486258371981,5.7672106903718365,1.1171114,223.47148,196.79751347987795,-105.8784371923556,20.817848,20.910172,19.302458,1.6077137,1.5153904,1.1363379,308.86324924657384,-50.06789970166162
4987326989167298560,14.981663301382232,-40.58314422034604,6.816428136008909,1.0855538,215.33118,211.4557744288151,-40.66901445865007,20.748402,21.569685,19.26558,2.3041058,1.4828224,1.0866789,296.0471261002004,-76.43142197214893
6402746586984583296,327.02166864837886,-63.79284670989987,7.0153511920211855,1.0553547,221.1807,216.96582806069875,-42.97358687483631,20.69915,21.438103,19.237886,2.2002163,1.4612637,1.1228186,328.63404261028586,-43.07335561144501
1083836788147411072,125.17436566028154,60.195468541135504,6.070195166170756,0.79674906,222.8018,-64.93326194450788,-213.1298014106141,20.674444,21.661882,19.229805,2.4320774,1.4446392,0.983417,156.75739118125642,34.30737308139943
5121760221446118272,29.78358179628336,-25.40945265141214,4.414969289068456,0.8719446,207.26534,192.1642330803926,-77.66483247599356,20.64215,21.493805,19.194601,2.2992039,1.4475498,1.0910945,210.2849146532545,-74.73846976366364
6481421523035063040,314.76085716475694,-48.366206314309856,7.4838707198898735,1.1035892,224.56854,68.19497347807362,-213.96372005221787,20.638966,21.865238,19.117407,2.7478313,1.5215588,1.0952657,351.08686560283184,-40.78872744972013
5028717795157123456,19.69961031061249,-30.98691608771422,7.522979645167814,1.1023778,222.81187,222.71454771415088,6.584747940071993,20.635736,21.298649,19.998432,1.3002167,0.6373043,1.1568675,247.39570912257253,-82.8863654811746
1020089715309102720,145.28469809036255,51.69185986231308,5.049958492552388,0.8588102,204.65312,-152.2815006361884,-136.7232306398854,20.626665,21.288815,19.3708,1.9180145,1.2558651,1.1872382,164.96098672781292,46.88587362439685
6400343913559585792,324.69196100702226,-66.71843078957733,4.798917931298192,0.7132308,221.24837,163.3086711493069,-149.268616517456,20.607822,20.919792,19.344828,1.5749645,1.2629948,0.93963915,325.8278952883832,-40.80358341354477
4917488450112344832,24.95005490669904,-50.04212095458263,4.112520277771902,0.75413424,204.35611,-49.16974623096563,-198.3526061071692,20.597208,21.694637,19.296333,2.398304,1.3008747,1.0391357,284.16267821218054,-65.28687028369836
3869953245241716352,158.99471033178116,9.664497355152774,6.7508558174187865,1.3068467,211.7353,-184.59293172591163,-103.71736547820488,20.578226,22.00495,19.2891,2.715849,1.2891254,1.0021352,235.10232192550197,53.616805660580994
4708448990202073472,7.916419208436984,-64.35553057685607,3.435005972934156,0.6316542,220.77274,192.43886805096275,-108.20296897755756,20.5728,21.424778,19.451918,1.9728603,1.120882,1.0623004,306.4549445414885,-52.63725904420065
1711542959923056000,210.57529999338533,73.75968062676736,3.597659875976454,0.6105639,235.5979,-219.07474079121448,-86.67543912102212,20.563559,21.43842,19.479921,1.958498,1.0836372,0.96699303,116.30950284888186,42.445248802156776
6451143098815206912,313.50809295625595,-62.42741882817096,5.669788158056111,0.90075064,214.07185,160.60878889625516,-141.53294827243977,20.55757,21.142391,19.092556,2.0498352,1.4650135,1.0920022,333.2372626951072,-37.89353261995088
5127843750563036672,41.990715378796935,-20.257219990559747,5.1264113907325175,0.7738712,213.41203,34.19251649438077,-210.65508904611443,20.521694,21.180023,19.224386,1.955637,1.297308,1.0177718,204.7673192648434,-62.52395695246476
4875163437196227840,76.04241368527595,-32.349896442496615,2.678612398264506,0.5350819,212.9477,203.1420314732873,-63.87515409890518,20.5162,21.08668,19.52233,1.5643501,0.9938698,1.0131948,234.78964049690796,-35.67505265637342
4790837561134237312,67.58535830886353,-45.28224116110568,3.359409842097932,0.5677259,231.37541,66.30313575583861,-221.6719927206261,20.515047,21.496344,19.286999,2.2093449,1.2280483,1.0931228,250.82865599487343,-43.28614518597749
2471298382250296320,20.59138930247622,-9.062775140450505,6.095869166429017,0.8547486,233.84229,232.4162977841404,25.785184001433585,20.510948,22.041138,18.984512,3.0566254,1.5264359,1.1310066,146.4006890750183,-70.51217183524254
3979080427133597184,175.28064704916213,20.3282996773152,7.818545806209439,1.1105931,245.7981,-7.213749279763287,-245.69222240798803,20.509361,21.700508,18.996346,2.7041626,1.5130157,1.0705016,232.09812011046927,72.55280993810942
759888428875227264,173.63314219019745,36.389109504820425,6.014054496039089,0.84975,225.15141,-213.27417557790716,-72.16150487474707,20.502634,20.74374,19.584532,1.1592083,0.91810226,1.0962255,178.5477377490306,71.26355722970443
6815573861313175168,321.8182545241766,-24.094256838950187,7.596586748262156,1.0708153,219.58195,194.12007022850432,-102.63348125688098,20.502207,21.65034,19.024567,2.6257725,1.4776402,1.0629624,24.78640122095516,-44.18568642654895
1236052147104480640,218.1866966641968,18.30123806061446,5.009003550891201,0.9127409,235.91852,-104.75266269645768,-211.3869070151981,20.499855,21.608362,19.088789,2.5195732,1.411066,1.0750268,17.53623212541868,65.0854456752032
1567438354646899712,193.2493882410207,49.61835284722604,4.542777583934526,0.6480481,232.1223,-209.90886143967103,-99.0910416086902,20.49543,21.324883,19.11235,2.212532,1.3830795,1.0355622,122.27158333735731,67.50789743016566
752088188444504704,160.06667198863855,38.261763567873366,6.836223070840272,0.926865,213.78659,-117.78123697992496,-178.41605797018397,20.491514,21.37976,18.92939,2.4503708,1.5621243,1.1001188,182.4663112421804,60.43701074276458
6510198937789096448,336.797347867904,-52.489991097920665,5.428552904383264,0.62769324,220.16624,43.31487437321925,-215.86336819146155,20.485395,21.357218,19.083263,2.2739544,1.402132,1.0512888,339.5945159844223,-53.10905310825841
5076508995771629184,42.98011643573239,-24.52279176192049,4.692332633419298,0.75452477,240.91579,215.3748799981124,-107.95406113084442,20.480942,21.275948,19.128174,2.1477737,1.352768,1.209816,214.25679834481045,-62.82703949185819
4931389025866636160,23.020024722664505,-45.932016208606434,4.893276066109845,0.6736876,203.72992,124.14093226804584,-161.53918443888602,20.477974,21.307926,19.16002,2.1479053,1.3179531,1.0322074,282.3827863365918,-69.54067085357327
6568240095034469888,331.71776968799367,-43.78067657076564,4.260466385603254,0.71575725,235.17967,-87.58270818978556,-218.26303007395825,20.460814,21.164696,19.123055,2.0416412,1.337759,0.9933171,355.1776409179363,-53.0729796456006
3571528231637782400,177.88234262553243,-15.859953797076413,5.661081576597414,0.8744961,207.95128,-186.77937359227752,-91.4177132367404,20.456528,21.30665,18.998856,2.3077946,1.4576721,1.0621252,282.4896509956173,44.620781056653634
1059935432584113664,161.57311342448776,67.0426860005292,3.9664885133135512,0.49453235,205.98235,5.884250418640399,-205.8982843509167,20.451693,21.330132,19.084267,2.2458649,1.3674259,0.98729956,139.812492778349,45.76822720390814
2364569716255364736,3.984482453028552,-20.87388635260582,6.758670878761793,1.0556217,203.39754,141.34229298672122,-146.2631628500393,20.448908,22.195541,18.975756,3.2197857,1.4731522,1.09064,68.69917034481409,-79.76647605419173
1583032315745957376,188.69242002330708,60.92267495222679,7.17855779106375,0.65397835,208.55968,-205.9531513441004,32.87002885865424,20.442919,21.659924,19.025295,2.6346283,1.4176235,1.1123824,126.56096831135284,56.08797190426372
3681166961314058624,188.76845872349887,-4.352271446855283,6.199968828532617,0.72493005,234.01779,-230.98937230466225,-37.52644775176606,20.440102,21.148294,18.950329,2.1979656,1.4897728,1.0239742,295.1577813664301,58.27225709194799
2837245332629888768,343.38901631089885,24.32473570906497,7.206312078264535,0.85668457,223.63083,188.60658541343227,120.1594911580354,20.439312,22.066957,18.917776,3.1491814,1.5215359,1.1552429,91.31905447020075,-31.213159296155023
3737079842005610496,195.78318809359783,11.905550635618036,6.911057727014227,0.92109823,236.12526,-220.26029991814303,85.09133820811931,20.438833,21.478205,18.874231,2.6039734,1.5646019,1.0600601,313.7174849896971,74.53188039943309
2639481703765176832,353.2987684668275,-3.594265517882285,6.361224996732893,1.0475831,226.57689,90.61554877418772,-207.66777898906471,20.429937,21.420418,19.040298,2.3801193,1.3896389,1.1085663,81.07896808925469,-59.94680021412778
5041568268587233920,19.359640115802563,-23.03580491287765,5.231389912001516,0.8634496,240.16925,194.8794964057834,-140.36827303780572,20.42808,21.234804,18.936388,2.2984161,1.4916916,1.1116849,179.54150667588144,-82.83228119541872
4986813620316370688,13.743166026956224,-41.73311566060611,3.746147592580464,0.69383717,215.19328,-152.58419695067474,-151.74389301161202,20.426249,21.410294,19.389277,2.021017,1.036972,1.1534793,300.31894868987905,-75.37719597214178
4902587834172851200,11.280356190946383,-61.32968572275311,5.087754326388225,0.6068061,204.48482,150.53276891689072,-138.3976990766675,20.416374,21.030386,19.104727,1.9256592,1.3116474,0.9752848,304.2791209101082,-55.78203858345858
4942637167257186944,29.283719542638348,-45.930520802644274,6.663717910193794,0.47822818,219.26003,69.81338501486408,-207.84862572571583,20.401724,21.486876,18.901194,2.585682,1.5005302,1.020845,272.5354351592132,-67.12827059779094
1442687249962612480,200.1349069350096,22.327518706083985,4.130696594547591,0.70805514,240.8523,-112.68034869746958,-212.86842787200996,20.399822,21.32944,19.10294,2.2264996,1.2968826,1.0722551,358.50397720765363,81.83516087171911
4865663519292944384,67.29467214421108,-37.83001141372446,4.474816373541091,0.5812019,234.90346,52.25254974814887,-229.01814010616476,20.385635,21.76413,19.06905,2.6950798,1.3165855,1.0808104,240.56598373556125,-43.512461630779626
3475698749530283136,184.74978112085455,-28.00412062343129,7.536654392905321,0.89608353,244.28816,41.26253810940988,-240.77813485339496,20.381367,21.592772,18.924854,2.6679173,1.4565125,1.1092429,294.258159725248,34.320697151358026
5134182881773607680,27.96601487424969,-24.104736983635387,6.867329104258259,0.6652218,201.0055,-23.04600931833729,-199.6799729952466,20.374613,21.717932,18.921234,2.7966976,1.4533787,1.0342034,203.7711863260953,-76.05664706656016
4984789556848310528,18.294728138547462,-41.467072779200414,3.556912711330765,0.67219836,245.6026,-98.31850075648056,-225.06468369617068,20.367407,21.218155,19.090014,2.1281414,1.2773933,1.2198952,287.03328933132326,-74.98315295310097
910311588174389376,130.68229500667786,37.57907091218484,4.6433268347524885,0.6786348,202.96591,67.01010317872932,-191.5849897223316,20.356718,21.343576,18.929264,2.4143124,1.427454,1.0713444,184.84114884211223,37.39364018160818
